window_id,type,entry,won,gross,fee,net
25_10_31_01_00_01_15,fullset,94,True,1.2000,0.6457,0.5543
25_10_31_10_00_10_15,fullset,94,True,1.2000,0.6103,0.5897
25_11_02_10_00_10_15,fullset,93,True,1.4000,0.4022,0.9978
25_11_02_22_00_22_15,fullset,92,True,1.6000,0.6456,0.9544
25_11_02_23_00_23_15,fullset,94,True,1.2000,0.5937,0.6063
25_11_09_18_00_18_15,fullset,94,True,1.2000,0.6412,0.5588
25_11_14_18_00_18_15,fullset,94,True,1.2000,0.6527,0.5473
25_11_15_18_00_18_15,fullset,94,True,1.2000,0.6495,0.5505
25_11_25_02_00_02_15,fullset,92,True,1.6000,0.6694,0.9306
25_11_28_14_00_14_15,fullset,78,True,4.4000,0.7252,3.6748
25_11_28_23_00_23_15,fullset,89,True,2.2000,0.6055,1.5945
25_12_09_08_00_08_15,fullset,92,True,1.6000,0.6694,0.9306
25_12_13_07_00_07_15,fullset,94,True,1.2000,0.6244,0.5756
25_12_14_06_00_06_15,fullset,90,True,2.0000,0.6075,1.3925
25_12_14_09_00_09_15,fullset,90,True,2.0000,0.6481,1.3519
25_12_17_22_00_22_15,fullset,93,True,1.4000,0.5928,0.8072
25_12_18_03_00_03_15,fullset,92,True,1.6000,0.6595,0.9405
25_12_19_11_00_11_15,fullset,90,True,2.0000,0.6725,1.3275
25_12_20_10_00_10_15,fullset,89,True,2.2000,0.5456,1.6544
25_12_20_11_00_11_15,fullset,94,True,1.2000,0.5937,0.6063
25_12_20_16_00_16_15,fullset,94,True,1.2000,0.6412,0.5588
25_10_31_02_00_02_15,directional,96,True,0.4000,0.0038,0.3962
25_10_31_04_00_04_15,directional,96,False,-9.6000,0.0038,-9.6038
25_10_31_06_00_06_15,directional,96,True,0.4000,0.0038,0.3962
25_10_31_07_00_07_15,directional,96,True,0.4000,0.0038,0.3962
25_10_31_11_00_11_15,directional,96,True,0.4000,0.0038,0.3962
25_11_01_00_00_00_15,directional,96,True,0.4000,0.0038,0.3962
25_11_01_02_00_02_15,directional,96,True,0.4000,0.0038,0.3962
25_11_01_03_00_03_15,directional,96,True,0.4000,0.0038,0.3962
25_11_01_04_00_04_15,directional,97,True,0.3000,0.0022,0.2978
25_11_01_05_00_05_15,directional,96,True,0.4000,0.0038,0.3962
25_11_01_06_00_06_15,directional,96,True,0.4000,0.0038,0.3962
25_11_01_07_00_07_15,directional,96,True,0.4000,0.0038,0.3962
25_11_01_08_00_08_15,directional,97,True,0.3000,0.0022,0.2978
25_11_01_15_00_15_15,directional,96,True,0.4000,0.0038,0.3962
25_11_01_16_00_16_15,directional,96,False,-9.6000,0.0038,-9.6038
25_11_01_17_00_17_15,directional,97,True,0.3000,0.0022,0.2978
25_11_01_19_00_19_15,directional,96,True,0.4000,0.0038,0.3962
25_11_01_22_00_22_15,directional,98,True,0.2000,0.0010,0.1990
25_11_02_02_00_02_15,directional,96,False,-9.6000,0.0038,-9.6038
25_11_02_05_00_05_15,directional,96,True,0.4000,0.0038,0.3962
25_11_02_07_00_07_15,directional,96,True,0.4000,0.0038,0.3962
25_11_02_09_00_09_15,directional,98,True,0.2000,0.0010,0.1990
25_11_02_11_00_11_15,directional,96,True,0.4000,0.0038,0.3962
25_11_02_13_00_13_15,directional,96,True,0.4000,0.0038,0.3962
25_11_02_16_00_16_15,directional,97,True,0.3000,0.0022,0.2978
25_11_02_19_00_19_15,directional,96,True,0.4000,0.0038,0.3962
25_11_03_00_00_00_15,directional,97,True,0.3000,0.0022,0.2978
25_11_03_01_00_01_15,directional,96,True,0.4000,0.0038,0.3962
25_11_03_02_00_02_15,directional,97,False,-9.7000,0.0022,-9.7022
25_11_03_03_00_03_15,directional,96,True,0.4000,0.0038,0.3962
25_11_03_04_00_04_15,directional,97,True,0.3000,0.0022,0.2978
25_11_03_09_00_09_15,directional,96,True,0.4000,0.0038,0.3962
25_11_03_10_00_10_15,directional,96,True,0.4000,0.0038,0.3962
25_11_03_11_00_11_15,directional,96,True,0.4000,0.0038,0.3962
25_11_03_14_00_14_15,directional,96,True,0.4000,0.0038,0.3962
25_11_03_15_00_15_15,directional,96,True,0.4000,0.0038,0.3962
25_11_03_19_00_19_15,directional,97,True,0.3000,0.0022,0.2978
25_11_03_20_00_20_15,directional,97,True,0.3000,0.0022,0.2978
25_11_03_22_00_22_15,directional,96,True,0.4000,0.0038,0.3962
25_11_03_23_00_23_15,directional,96,True,0.4000,0.0038,0.3962
25_11_04_02_00_02_15,directional,96,True,0.4000,0.0038,0.3962
25_11_04_05_00_05_15,directional,96,True,0.4000,0.0038,0.3962
25_11_04_08_00_08_15,directional,96,True,0.4000,0.0038,0.3962
25_11_04_17_00_17_15,directional,96,True,0.4000,0.0038,0.3962
25_11_04_22_00_22_15,directional,96,True,0.4000,0.0038,0.3962
25_11_05_01_00_01_15,directional,96,True,0.4000,0.0038,0.3962
25_11_05_02_00_02_15,directional,96,True,0.4000,0.0038,0.3962
25_11_05_09_00_09_15,directional,96,True,0.4000,0.0038,0.3962
25_11_05_17_00_17_15,directional,96,True,0.4000,0.0038,0.3962
25_11_05_19_00_19_15,directional,96,True,0.4000,0.0038,0.3962
25_11_06_00_00_00_15,directional,96,True,0.4000,0.0038,0.3962
25_11_06_01_00_01_15,directional,96,True,0.4000,0.0038,0.3962
25_11_06_05_00_05_15,directional,96,True,0.4000,0.0038,0.3962
25_11_06_07_00_07_15,directional,96,False,-9.6000,0.0038,-9.6038
25_11_06_09_00_09_15,directional,96,True,0.4000,0.0038,0.3962
25_11_06_11_00_11_15,directional,96,True,0.4000,0.0038,0.3962
25_11_06_13_00_13_15,directional,96,True,0.4000,0.0038,0.3962
25_11_06_14_00_14_15,directional,96,True,0.4000,0.0038,0.3962
25_11_06_18_00_18_15,directional,96,True,0.4000,0.0038,0.3962
25_11_07_03_00_03_15,directional,97,True,0.3000,0.0022,0.2978
25_11_07_04_00_04_15,directional,96,True,0.4000,0.0038,0.3962
25_11_07_05_00_05_15,directional,96,True,0.4000,0.0038,0.3962
25_11_07_09_00_09_15,directional,96,True,0.4000,0.0038,0.3962
25_11_07_11_00_11_15,directional,96,True,0.4000,0.0038,0.3962
25_11_07_14_00_14_15,directional,96,False,-9.6000,0.0038,-9.6038
25_11_07_20_00_20_15,directional,96,True,0.4000,0.0038,0.3962
25_11_07_21_00_21_15,directional,96,True,0.4000,0.0038,0.3962
25_11_08_01_00_01_15,directional,96,True,0.4000,0.0038,0.3962
25_11_08_03_00_03_15,directional,96,True,0.4000,0.0038,0.3962
25_11_08_09_00_09_15,directional,96,True,0.4000,0.0038,0.3962
25_11_08_13_00_13_15,directional,97,True,0.3000,0.0022,0.2978
25_11_08_16_00_16_15,directional,96,False,-9.6000,0.0038,-9.6038
25_11_08_17_00_17_15,directional,96,True,0.4000,0.0038,0.3962
25_11_09_01_00_01_15,directional,96,True,0.4000,0.0038,0.3962
25_11_09_02_00_02_15,directional,96,True,0.4000,0.0038,0.3962
25_11_09_11_00_11_15,directional,97,True,0.3000,0.0022,0.2978
25_11_09_13_00_13_15,directional,96,True,0.4000,0.0038,0.3962
25_11_09_15_00_15_15,directional,96,True,0.4000,0.0038,0.3962
25_11_09_23_00_23_15,directional,96,True,0.4000,0.0038,0.3962
25_11_10_00_00_00_15,directional,96,False,-9.6000,0.0038,-9.6038
25_11_10_05_00_05_15,directional,96,True,0.4000,0.0038,0.3962
25_11_10_07_00_07_15,directional,96,True,0.4000,0.0038,0.3962
25_11_10_12_00_12_15,directional,96,True,0.4000,0.0038,0.3962
25_11_10_13_00_13_15,directional,96,True,0.4000,0.0038,0.3962
25_11_10_14_00_14_15,directional,97,True,0.3000,0.0022,0.2978
25_11_10_15_00_15_15,directional,96,True,0.4000,0.0038,0.3962
25_11_10_17_00_17_15,directional,96,True,0.4000,0.0038,0.3962
25_11_10_20_00_20_15,directional,96,True,0.4000,0.0038,0.3962
25_11_10_21_00_21_15,directional,96,True,0.4000,0.0038,0.3962
25_11_11_02_00_02_15,directional,96,False,-9.6000,0.0038,-9.6038
25_11_11_05_00_05_15,directional,96,False,-9.6000,0.0038,-9.6038
25_11_11_06_00_06_15,directional,96,True,0.4000,0.0038,0.3962
25_11_11_09_00_09_15,directional,96,True,0.4000,0.0038,0.3962
25_11_11_11_00_11_15,directional,97,True,0.3000,0.0022,0.2978
25_11_11_12_00_12_15,directional,96,True,0.4000,0.0038,0.3962
25_11_11_15_00_15_15,directional,96,True,0.4000,0.0038,0.3962
25_11_11_19_00_19_15,directional,96,True,0.4000,0.0038,0.3962
25_11_11_20_00_20_15,directional,96,True,0.4000,0.0038,0.3962
25_11_12_07_00_07_15,directional,96,True,0.4000,0.0038,0.3962
25_11_12_09_00_09_15,directional,96,True,0.4000,0.0038,0.3962
25_11_12_10_00_10_15,directional,96,True,0.4000,0.0038,0.3962
25_11_12_11_00_11_15,directional,96,True,0.4000,0.0038,0.3962
25_11_12_14_00_14_15,directional,96,True,0.4000,0.0038,0.3962
25_11_12_17_00_17_15,directional,96,True,0.4000,0.0038,0.3962
25_11_12_19_00_19_15,directional,96,True,0.4000,0.0038,0.3962
25_11_12_22_00_22_15,directional,96,True,0.4000,0.0038,0.3962
25_11_12_23_00_23_15,directional,96,True,0.4000,0.0038,0.3962
25_11_13_00_00_00_15,directional,96,True,0.4000,0.0038,0.3962
25_11_13_02_00_02_15,directional,96,True,0.4000,0.0038,0.3962
25_11_13_04_00_04_15,directional,96,True,0.4000,0.0038,0.3962
25_11_13_09_00_09_15,directional,96,True,0.4000,0.0038,0.3962
25_11_13_21_00_21_15,directional,96,True,0.4000,0.0038,0.3962
25_11_14_04_00_04_15,directional,96,True,0.4000,0.0038,0.3962
25_11_14_07_00_07_15,directional,96,True,0.4000,0.0038,0.3962
25_11_14_14_00_14_15,directional,96,True,0.4000,0.0038,0.3962
25_11_14_21_00_21_15,directional,96,True,0.4000,0.0038,0.3962
25_11_14_22_00_22_15,directional,96,False,-9.6000,0.0038,-9.6038
25_11_14_23_00_23_15,directional,96,True,0.4000,0.0038,0.3962
25_11_15_00_00_00_15,directional,96,True,0.4000,0.0038,0.3962
25_11_15_01_00_01_15,directional,96,True,0.4000,0.0038,0.3962
25_11_15_04_00_04_15,directional,97,True,0.3000,0.0022,0.2978
25_11_15_08_00_08_15,directional,96,True,0.4000,0.0038,0.3962
25_11_15_16_00_16_15,directional,96,True,0.4000,0.0038,0.3962
25_11_15_17_00_17_15,directional,96,True,0.4000,0.0038,0.3962
25_11_16_00_00_00_15,directional,96,True,0.4000,0.0038,0.3962
25_11_16_01_00_01_15,directional,96,False,-9.6000,0.0038,-9.6038
25_11_16_05_00_05_15,directional,96,True,0.4000,0.0038,0.3962
25_11_16_08_00_08_15,directional,96,True,0.4000,0.0038,0.3962
25_11_16_10_00_10_15,directional,96,True,0.4000,0.0038,0.3962
25_11_16_11_00_11_15,directional,96,True,0.4000,0.0038,0.3962
25_11_16_18_00_18_15,directional,96,True,0.4000,0.0038,0.3962
25_11_16_20_00_20_15,directional,96,True,0.4000,0.0038,0.3962
25_11_16_21_00_21_15,directional,97,True,0.3000,0.0022,0.2978
25_11_16_22_00_22_15,directional,96,True,0.4000,0.0038,0.3962
25_11_16_23_00_23_15,directional,96,True,0.4000,0.0038,0.3962
25_11_17_02_00_02_15,directional,96,True,0.4000,0.0038,0.3962
25_11_17_09_00_09_15,directional,96,True,0.4000,0.0038,0.3962
25_11_17_16_00_16_15,directional,96,True,0.4000,0.0038,0.3962
25_11_17_23_00_23_15,directional,96,True,0.4000,0.0038,0.3962
25_11_18_02_00_02_15,directional,96,True,0.4000,0.0038,0.3962
25_11_18_03_00_03_15,directional,96,True,0.4000,0.0038,0.3962
25_11_18_04_00_04_15,directional,96,True,0.4000,0.0038,0.3962
25_11_18_08_00_08_15,directional,96,True,0.4000,0.0038,0.3962
25_11_18_18_00_18_15,directional,96,True,0.4000,0.0038,0.3962
25_11_18_22_00_22_15,directional,96,True,0.4000,0.0038,0.3962
25_11_18_23_00_23_15,directional,96,True,0.4000,0.0038,0.3962
25_11_19_00_00_00_15,directional,96,True,0.4000,0.0038,0.3962
25_11_19_07_00_07_15,directional,96,True,0.4000,0.0038,0.3962
25_11_19_09_00_09_15,directional,96,True,0.4000,0.0038,0.3962
25_11_19_11_00_11_15,directional,96,True,0.4000,0.0038,0.3962
25_11_19_21_00_21_15,directional,96,True,0.4000,0.0038,0.3962
25_11_19_23_00_23_15,directional,97,True,0.3000,0.0022,0.2978
25_11_20_00_00_00_15,directional,96,True,0.4000,0.0038,0.3962
25_11_20_06_00_06_15,directional,96,True,0.4000,0.0038,0.3962
25_11_20_14_00_14_15,directional,97,True,0.3000,0.0022,0.2978
25_11_20_15_00_15_15,directional,96,True,0.4000,0.0038,0.3962
25_11_20_16_00_16_15,directional,96,True,0.4000,0.0038,0.3962
25_11_20_21_00_21_15,directional,96,True,0.4000,0.0038,0.3962
25_11_20_22_00_22_15,directional,96,True,0.4000,0.0038,0.3962
25_11_20_23_00_23_15,directional,96,True,0.4000,0.0038,0.3962
25_11_21_00_00_00_15,directional,96,True,0.4000,0.0038,0.3962
25_11_21_02_00_02_15,directional,96,True,0.4000,0.0038,0.3962
25_11_21_03_00_03_15,directional,96,True,0.4000,0.0038,0.3962
25_11_21_06_00_06_15,directional,96,True,0.4000,0.0038,0.3962
25_11_21_11_00_11_15,directional,96,True,0.4000,0.0038,0.3962
25_11_21_18_00_18_15,directional,97,True,0.3000,0.0022,0.2978
25_11_22_00_00_00_15,directional,96,True,0.4000,0.0038,0.3962
25_11_22_02_00_02_15,directional,96,True,0.4000,0.0038,0.3962
25_11_22_11_00_11_15,directional,96,True,0.4000,0.0038,0.3962
25_11_22_12_00_12_15,directional,96,True,0.4000,0.0038,0.3962
25_11_22_14_00_14_15,directional,96,True,0.4000,0.0038,0.3962
25_11_22_22_00_22_15,directional,96,False,-9.6000,0.0038,-9.6038
25_11_23_00_00_00_15,directional,96,True,0.4000,0.0038,0.3962
25_11_23_01_00_01_15,directional,96,True,0.4000,0.0038,0.3962
25_11_23_08_00_08_15,directional,96,True,0.4000,0.0038,0.3962
25_11_23_11_00_11_15,directional,96,True,0.4000,0.0038,0.3962
25_11_23_16_00_16_15,directional,96,True,0.4000,0.0038,0.3962
25_11_23_23_00_23_15,directional,96,True,0.4000,0.0038,0.3962
25_11_24_00_00_00_15,directional,96,True,0.4000,0.0038,0.3962
25_11_24_02_00_02_15,directional,96,True,0.4000,0.0038,0.3962
25_11_24_05_00_05_15,directional,96,True,0.4000,0.0038,0.3962
25_11_24_06_00_06_15,directional,96,True,0.4000,0.0038,0.3962
25_11_24_09_00_09_15,directional,96,True,0.4000,0.0038,0.3962
25_11_24_12_00_12_15,directional,96,True,0.4000,0.0038,0.3962
25_11_24_13_00_13_15,directional,96,True,0.4000,0.0038,0.3962
25_11_24_16_00_16_15,directional,96,True,0.4000,0.0038,0.3962
25_11_24_20_00_20_15,directional,96,True,0.4000,0.0038,0.3962
25_11_24_22_00_22_15,directional,96,True,0.4000,0.0038,0.3962
25_11_25_00_00_00_15,directional,96,True,0.4000,0.0038,0.3962
25_11_25_04_00_04_15,directional,96,True,0.4000,0.0038,0.3962
25_11_25_10_00_10_15,directional,96,True,0.4000,0.0038,0.3962
25_11_25_19_00_19_15,directional,97,True,0.3000,0.0022,0.2978
25_11_25_21_00_21_15,directional,96,True,0.4000,0.0038,0.3962
25_11_26_00_00_00_15,directional,96,True,0.4000,0.0038,0.3962
25_11_26_05_00_05_15,directional,96,True,0.4000,0.0038,0.3962
25_11_26_06_00_06_15,directional,96,True,0.4000,0.0038,0.3962
25_11_26_08_00_08_15,directional,96,True,0.4000,0.0038,0.3962
25_11_26_10_00_10_15,directional,96,True,0.4000,0.0038,0.3962
25_11_26_12_00_12_15,directional,96,True,0.4000,0.0038,0.3962
25_11_26_15_00_15_15,directional,96,True,0.4000,0.0038,0.3962
25_11_26_16_00_16_15,directional,97,True,0.3000,0.0022,0.2978
25_11_26_19_00_19_15,directional,96,True,0.4000,0.0038,0.3962
25_11_26_20_00_20_15,directional,96,True,0.4000,0.0038,0.3962
25_11_27_00_00_00_15,directional,96,True,0.4000,0.0038,0.3962
25_11_27_01_00_01_15,directional,96,True,0.4000,0.0038,0.3962
25_11_27_03_00_03_15,directional,97,False,-9.7000,0.0022,-9.7022
25_11_27_06_00_06_15,directional,96,True,0.4000,0.0038,0.3962
25_11_27_19_00_19_15,directional,96,False,-9.6000,0.0038,-9.6038
25_11_27_21_00_21_15,directional,96,True,0.4000,0.0038,0.3962
25_11_28_01_00_01_15,directional,96,True,0.4000,0.0038,0.3962
25_11_28_06_00_06_15,directional,97,True,0.3000,0.0022,0.2978
25_11_28_07_00_07_15,directional,96,True,0.4000,0.0038,0.3962
25_11_28_11_00_11_15,directional,96,True,0.4000,0.0038,0.3962
25_11_28_12_00_12_15,directional,96,True,0.4000,0.0038,0.3962
25_11_28_16_00_16_15,directional,96,True,0.4000,0.0038,0.3962
25_11_28_20_00_20_15,directional,96,True,0.4000,0.0038,0.3962
25_11_29_09_00_09_15,directional,96,True,0.4000,0.0038,0.3962
25_11_29_11_00_11_15,directional,96,False,-9.6000,0.0038,-9.6038
25_11_29_16_00_16_15,directional,96,True,0.4000,0.0038,0.3962
25_11_29_17_00_17_15,directional,96,True,0.4000,0.0038,0.3962
25_11_29_20_00_20_15,directional,96,True,0.4000,0.0038,0.3962
25_11_29_21_00_21_15,directional,96,True,0.4000,0.0038,0.3962
25_11_30_01_00_01_15,directional,96,True,0.4000,0.0038,0.3962
25_11_30_02_00_02_15,directional,96,True,0.4000,0.0038,0.3962
25_11_30_03_00_03_15,directional,97,True,0.3000,0.0022,0.2978
25_11_30_05_00_05_15,directional,96,True,0.4000,0.0038,0.3962
25_11_30_06_00_06_15,directional,96,False,-9.6000,0.0038,-9.6038
25_11_30_11_00_11_15,directional,96,True,0.4000,0.0038,0.3962
25_11_30_15_00_15_15,directional,96,True,0.4000,0.0038,0.3962
25_11_30_17_00_17_15,directional,96,True,0.4000,0.0038,0.3962
25_11_30_18_00_18_15,directional,96,True,0.4000,0.0038,0.3962
25_11_30_20_00_20_15,directional,96,True,0.4000,0.0038,0.3962
25_11_30_22_00_22_15,directional,96,True,0.4000,0.0038,0.3962
25_11_30_23_00_23_15,directional,96,True,0.4000,0.0038,0.3962
25_12_01_00_00_00_15,directional,97,True,0.3000,0.0022,0.2978
25_12_01_01_00_01_15,directional,96,True,0.4000,0.0038,0.3962
25_12_01_11_00_11_15,directional,96,True,0.4000,0.0038,0.3962
25_12_01_13_00_13_15,directional,96,True,0.4000,0.0038,0.3962
25_12_01_16_00_16_15,directional,96,True,0.4000,0.0038,0.3962
25_12_01_17_00_17_15,directional,96,True,0.4000,0.0038,0.3962
25_12_01_19_00_19_15,directional,96,True,0.4000,0.0038,0.3962
25_12_01_20_00_20_15,directional,96,True,0.4000,0.0038,0.3962
25_12_01_21_00_21_15,directional,96,True,0.4000,0.0038,0.3962
25_12_01_22_00_22_15,directional,96,True,0.4000,0.0038,0.3962
25_12_02_00_00_00_15,directional,96,True,0.4000,0.0038,0.3962
25_12_02_01_00_01_15,directional,96,True,0.4000,0.0038,0.3962
25_12_02_03_00_03_15,directional,97,False,-9.7000,0.0022,-9.7022
25_12_02_07_00_07_15,directional,96,True,0.4000,0.0038,0.3962
25_12_02_08_00_08_15,directional,96,True,0.4000,0.0038,0.3962
25_12_02_09_00_09_15,directional,96,True,0.4000,0.0038,0.3962
25_12_02_13_00_13_15,directional,96,True,0.4000,0.0038,0.3962
25_12_02_14_00_14_15,directional,96,True,0.4000,0.0038,0.3962
25_12_02_15_00_15_15,directional,96,True,0.4000,0.0038,0.3962
25_12_02_22_00_22_15,directional,96,True,0.4000,0.0038,0.3962
25_12_03_04_00_04_15,directional,96,True,0.4000,0.0038,0.3962
25_12_03_14_00_14_15,directional,96,True,0.4000,0.0038,0.3962
25_12_03_16_00_16_15,directional,96,True,0.4000,0.0038,0.3962
25_12_04_01_00_01_15,directional,96,True,0.4000,0.0038,0.3962
25_12_04_02_00_02_15,directional,96,True,0.4000,0.0038,0.3962
25_12_04_05_00_05_15,directional,96,True,0.4000,0.0038,0.3962
25_12_04_09_00_09_15,directional,96,True,0.4000,0.0038,0.3962
25_12_04_13_00_13_15,directional,96,True,0.4000,0.0038,0.3962
25_12_04_15_00_15_15,directional,96,True,0.4000,0.0038,0.3962
25_12_04_17_00_17_15,directional,96,True,0.4000,0.0038,0.3962
25_12_05_00_00_00_15,directional,96,False,-9.6000,0.0038,-9.6038
25_12_05_01_00_01_15,directional,96,True,0.4000,0.0038,0.3962
25_12_05_05_00_05_15,directional,96,True,0.4000,0.0038,0.3962
25_12_05_06_00_06_15,directional,96,True,0.4000,0.0038,0.3962
25_12_05_08_00_08_15,directional,96,True,0.4000,0.0038,0.3962
25_12_05_11_00_11_15,directional,96,True,0.4000,0.0038,0.3962
25_12_05_15_00_15_15,directional,96,True,0.4000,0.0038,0.3962
25_12_05_16_00_16_15,directional,96,True,0.4000,0.0038,0.3962
25_12_05_18_00_18_15,directional,96,True,0.4000,0.0038,0.3962
25_12_05_23_00_23_15,directional,96,True,0.4000,0.0038,0.3962
25_12_06_00_00_00_15,directional,96,True,0.4000,0.0038,0.3962
25_12_06_02_00_02_15,directional,96,False,-9.6000,0.0038,-9.6038
25_12_06_03_00_03_15,directional,96,True,0.4000,0.0038,0.3962
25_12_06_09_00_09_15,directional,97,True,0.3000,0.0022,0.2978
25_12_06_15_00_15_15,directional,96,True,0.4000,0.0038,0.3962
25_12_06_16_00_16_15,directional,96,True,0.4000,0.0038,0.3962
25_12_06_19_00_19_15,directional,96,True,0.4000,0.0038,0.3962
25_12_06_23_00_23_15,directional,97,True,0.3000,0.0022,0.2978
25_12_07_02_00_02_15,directional,96,True,0.4000,0.0038,0.3962
25_12_07_05_00_05_15,directional,96,True,0.4000,0.0038,0.3962
25_12_07_06_00_06_15,directional,96,True,0.4000,0.0038,0.3962
25_12_07_07_00_07_15,directional,96,True,0.4000,0.0038,0.3962
25_12_07_15_00_15_15,directional,96,True,0.4000,0.0038,0.3962
25_12_07_17_00_17_15,directional,96,False,-9.6000,0.0038,-9.6038
25_12_07_18_00_18_15,directional,96,True,0.4000,0.0038,0.3962
25_12_07_21_00_21_15,directional,96,True,0.4000,0.0038,0.3962
25_12_07_22_00_22_15,directional,96,True,0.4000,0.0038,0.3962
25_12_08_00_00_00_15,directional,96,True,0.4000,0.0038,0.3962
25_12_08_01_00_01_15,directional,97,True,0.3000,0.0022,0.2978
25_12_08_05_00_05_15,directional,96,True,0.4000,0.0038,0.3962
25_12_08_09_00_09_15,directional,96,True,0.4000,0.0038,0.3962
25_12_08_12_00_12_15,directional,96,True,0.4000,0.0038,0.3962
25_12_08_13_00_13_15,directional,96,True,0.4000,0.0038,0.3962
25_12_08_19_00_19_15,directional,96,True,0.4000,0.0038,0.3962
25_12_08_20_00_20_15,directional,96,True,0.4000,0.0038,0.3962
25_12_08_23_00_23_15,directional,96,False,-9.6000,0.0038,-9.6038
25_12_09_02_00_02_15,directional,96,True,0.4000,0.0038,0.3962
25_12_09_06_00_06_15,directional,96,True,0.4000,0.0038,0.3962
25_12_09_15_00_15_15,directional,96,True,0.4000,0.0038,0.3962
25_12_09_16_00_16_15,directional,96,True,0.4000,0.0038,0.3962
25_12_10_02_00_02_15,directional,96,True,0.4000,0.0038,0.3962
25_12_10_07_00_07_15,directional,96,True,0.4000,0.0038,0.3962
25_12_10_20_00_20_15,directional,96,True,0.4000,0.0038,0.3962
25_12_10_22_00_22_15,directional,96,False,-9.6000,0.0038,-9.6038
25_12_11_02_00_02_15,directional,97,True,0.3000,0.0022,0.2978
25_12_11_03_00_03_15,directional,96,True,0.4000,0.0038,0.3962
25_12_11_05_00_05_15,directional,96,True,0.4000,0.0038,0.3962
25_12_11_08_00_08_15,directional,96,True,0.4000,0.0038,0.3962
25_12_11_15_00_15_15,directional,96,True,0.4000,0.0038,0.3962
25_12_11_16_00_16_15,directional,96,True,0.4000,0.0038,0.3962
25_12_11_18_00_18_15,directional,96,True,0.4000,0.0038,0.3962
25_12_11_20_00_20_15,directional,96,True,0.4000,0.0038,0.3962
25_12_11_21_00_21_15,directional,96,True,0.4000,0.0038,0.3962
25_12_12_11_00_11_15,directional,96,True,0.4000,0.0038,0.3962
25_12_12_12_00_12_15,directional,96,True,0.4000,0.0038,0.3962
25_12_12_15_00_15_15,directional,96,True,0.4000,0.0038,0.3962
25_12_12_19_00_19_15,directional,96,True,0.4000,0.0038,0.3962
25_12_13_00_00_00_15,directional,96,True,0.4000,0.0038,0.3962
25_12_13_11_00_11_15,directional,96,True,0.4000,0.0038,0.3962
25_12_13_12_00_12_15,directional,97,True,0.3000,0.0022,0.2978
25_12_13_15_00_15_15,directional,96,True,0.4000,0.0038,0.3962
25_12_13_16_00_16_15,directional,96,True,0.4000,0.0038,0.3962
25_12_13_17_00_17_15,directional,96,True,0.4000,0.0038,0.3962
25_12_13_18_00_18_15,directional,96,True,0.4000,0.0038,0.3962
25_12_13_21_00_21_15,directional,96,True,0.4000,0.0038,0.3962
25_12_14_11_00_11_15,directional,96,True,0.4000,0.0038,0.3962
25_12_14_13_00_13_15,directional,96,True,0.4000,0.0038,0.3962
25_12_14_19_00_19_15,directional,96,True,0.4000,0.0038,0.3962
25_12_14_23_00_23_15,directional,96,True,0.4000,0.0038,0.3962
25_12_15_02_00_02_15,directional,96,True,0.4000,0.0038,0.3962
25_12_15_04_00_04_15,directional,96,True,0.4000,0.0038,0.3962
25_12_15_07_00_07_15,directional,96,True,0.4000,0.0038,0.3962
25_12_15_12_00_12_15,directional,96,True,0.4000,0.0038,0.3962
25_12_15_13_00_13_15,directional,96,True,0.4000,0.0038,0.3962
25_12_15_14_00_14_15,directional,96,True,0.4000,0.0038,0.3962
25_12_15_22_00_22_15,directional,96,True,0.4000,0.0038,0.3962
25_12_16_06_00_06_15,directional,96,True,0.4000,0.0038,0.3962
25_12_16_14_00_14_15,directional,96,True,0.4000,0.0038,0.3962
25_12_16_18_00_18_15,directional,96,True,0.4000,0.0038,0.3962
25_12_16_19_00_19_15,directional,96,True,0.4000,0.0038,0.3962
25_12_17_00_00_00_15,directional,96,True,0.4000,0.0038,0.3962
25_12_17_02_00_02_15,directional,96,True,0.4000,0.0038,0.3962
25_12_17_04_00_04_15,directional,96,True,0.4000,0.0038,0.3962
25_12_17_05_00_05_15,directional,96,True,0.4000,0.0038,0.3962
25_12_17_12_00_12_15,directional,96,True,0.4000,0.0038,0.3962
25_12_17_13_00_13_15,directional,96,False,-9.6000,0.0038,-9.6038
25_12_17_18_00_18_15,directional,96,True,0.4000,0.0038,0.3962
25_12_17_19_00_19_15,directional,96,True,0.4000,0.0038,0.3962
25_12_17_20_00_20_15,directional,96,True,0.4000,0.0038,0.3962
25_12_17_23_00_23_15,directional,96,True,0.4000,0.0038,0.3962
25_12_18_01_00_01_15,directional,96,True,0.4000,0.0038,0.3962
25_12_18_04_00_04_15,directional,96,True,0.4000,0.0038,0.3962
25_12_18_09_00_09_15,directional,96,True,0.4000,0.0038,0.3962
25_12_18_11_00_11_15,directional,96,True,0.4000,0.0038,0.3962
25_12_18_13_00_13_15,directional,96,True,0.4000,0.0038,0.3962
25_12_18_17_00_17_15,directional,96,True,0.4000,0.0038,0.3962
25_12_18_20_00_20_15,directional,96,True,0.4000,0.0038,0.3962
25_12_18_21_00_21_15,directional,96,True,0.4000,0.0038,0.3962
25_12_18_23_00_23_15,directional,96,False,-9.6000,0.0038,-9.6038
25_12_19_01_00_01_15,directional,96,True,0.4000,0.0038,0.3962
25_12_19_03_00_03_15,directional,96,True,0.4000,0.0038,0.3962
25_12_19_05_00_05_15,directional,96,True,0.4000,0.0038,0.3962
25_12_19_07_00_07_15,directional,96,True,0.4000,0.0038,0.3962
25_12_19_16_00_16_15,directional,96,False,-9.6000,0.0038,-9.6038
25_12_19_22_00_22_15,directional,96,True,0.4000,0.0038,0.3962
25_12_20_00_00_00_15,directional,96,False,-9.6000,0.0038,-9.6038
25_12_20_06_00_06_15,directional,96,True,0.4000,0.0038,0.3962
25_12_20_08_00_08_15,directional,96,True,0.4000,0.0038,0.3962
25_12_20_14_00_14_15,directional,96,True,0.4000,0.0038,0.3962
