episode_id,market_id,window_id,start_ts,end_ts,total_trades,net_up,net_down,matched_shares,avg_cost_matched,has_merge,has_redeem,merge_delay_s,label,confidence,realized_pnl,realized_via,is_realized
unknown,0x1ae91b6da3404a0029d6dd95e0aa8470aa6c92620f4046cf97145a7c2f98fada,,,,0,0.0,0.0,0,0.0,False,True,,HYBRID,0.2,,REDEEM_UNKNOWN,False
unknown,0x7d87ebcd9590620c06f2330520c90db2c47b13cd0aed135c5ae0887e2924cfb8,,,,0,0.0,0.0,0,0.0,False,True,,HYBRID,0.2,,REDEEM_UNKNOWN,False
unknown,0x0071ab1c503fe53faf64dc8beaf06c03f58142633c9c342d81881c5682268a5a,,,,0,0.0,0.0,0,0.0,False,True,,HYBRID,0.2,,REDEEM_UNKNOWN,False
unknown,0x7f947ba03492c4c47949945797b2316e02628107b0478779edb2de0079bb0e75,,,,0,0.0,0.0,0,0.0,False,True,,HYBRID,0.2,,REDEEM_UNKNOWN,False
unknown,0x95d635257a85d0204a450cdf19adbb5873465f9d26f49cb1375a1084625f53c9,,,,0,0.0,0.0,0,0.0,False,True,,HYBRID,0.2,,REDEEM_UNKNOWN,False
0x75d11daba9a556ef4b_2026-01-05T21:30:31,0x75d11daba9a556ef4bf2162a908be88a8452a2345e540f5b20d7ac6aed75db26,btc-updown-15m-1767628800,2026-01-05T21:30:31,2026-01-05T21:44:37,28405,2200110.839999842,2721535.960000251,2200110.839999842,0.8337338276112363,False,False,,FULL_SET_ARB,0.7,,,False
0xfddeb39295224a0df9_2026-01-05T21:30:43,0xfddeb39295224a0df921cd81e9b1303765db973f2126a611b90c40850d827172,,2026-01-05T21:30:43,2026-01-05T22:02:09,21210,584937.7800000296,303863.29999998625,303863.29999998625,1.194426852370161,False,False,,MARKET_MAKING,0.30000000000000004,,,False
0x7f6694ca8c1f5381c2_2026-01-05T21:31:49,0x7f6694ca8c1f5381c27cb3418234b8c75fdcd6e1a0bf45a4081284418988e08b,,2026-01-05T21:31:49,2026-01-05T21:51:29,8272,0.0,814569.139999993,0,0.0,False,False,,DIRECTIONAL_SPIKE,0.3,,,False
0xc3592d0e1702033224_2026-01-05T21:32:17,0xc3592d0e17020332244e16dbf10ab7737ae0dfee350bfb3cd61c3b0c1f628ce1,,2026-01-05T21:32:17,2026-01-05T21:43:45,12707,706500.0799999502,327242.04000001046,327242.04000001046,1.0156252590107093,False,False,,MARKET_MAKING,0.30000000000000004,,,False
0x569c783ebee88accb2_2026-01-05T21:35:13,0x569c783ebee88accb2ee5f69b621b8b7a4f9f436735e1c61d5373e08d9169a6c,,2026-01-05T21:35:13,2026-01-05T21:35:41,2994,401196.0,200598.0,200598.0,1.1348756218905496,False,False,,MARKET_MAKING,0.30000000000000004,,,False
0xd9d55759af27d01e30_2026-01-05T21:45:07,0xd9d55759af27d01e30920a9d9727de3f971968ddcb7ad4976699214d4c7565f7,,2026-01-05T21:45:07,2026-01-05T21:57:11,10978,483032.0,316625.4800000093,316625.4800000093,0.9237497636007438,False,False,,MARKET_MAKING,0.30000000000000004,,,False
0xe06414ca91f948648e_2026-01-05T21:45:35,0xe06414ca91f948648ef7b2d1f3e04463029c89d818454ee2a06a308d145e97f7,btc-updown-15m-1767629700,2026-01-05T21:45:35,2026-01-05T21:57:59,18962,1174196.8999999668,1478487.1000000918,1174196.8999999668,1.2536205498445065,False,False,,FULL_SET_ARB,0.4,,,False
0x569c783ebee88accb2_2026-01-05T21:48:59,0x569c783ebee88accb2ee5f69b621b8b7a4f9f436735e1c61d5373e08d9169a6c,,2026-01-05T21:48:59,2026-01-05T21:53:15,2994,192314.6000000023,8063.840000000094,8063.840000000094,1.3172772277227576,False,False,,MARKET_MAKING,0.30000000000000004,,,False
0x86bf8778199e33449f_2026-01-05T22:05:31,0x86bf8778199e33449f9777fe31127e0d8c919db1ab58a8241173af481abbcd8d,,2026-01-05T22:05:31,2026-01-05T22:14:05,8982,611105.340000056,941463.2999999768,611105.340000056,0.5886806233403619,False,False,,MARKET_MAKING,0.30000000000000004,,,False
0x7f6694ca8c1f5381c2_2026-01-05T22:05:39,0x7f6694ca8c1f5381c27cb3418234b8c75fdcd6e1a0bf45a4081284418988e08b,,2026-01-05T22:05:39,2026-01-05T22:05:39,998,70858.0,0.0,0,0.0,False,False,,DIRECTIONAL_SPIKE,0.3,,,False
0x569c783ebee88accb2_2026-01-05T22:15:31,0x569c783ebee88accb2ee5f69b621b8b7a4f9f436735e1c61d5373e08d9169a6c,,2026-01-05T22:15:31,2026-01-05T22:21:11,2994,601794.0,0.0,0,0.0,False,False,,DIRECTIONAL_SPIKE,0.3,,,False
0x7f6694ca8c1f5381c2_2026-01-05T22:17:05,0x7f6694ca8c1f5381c27cb3418234b8c75fdcd6e1a0bf45a4081284418988e08b,,2026-01-05T22:17:05,2026-01-05T22:17:05,998,199600.0,0.0,0,0.0,False,False,,DIRECTIONAL_SPIKE,0.3,,,False
0x377fcc2bd13caf219f_2026-01-05T22:17:35,0x377fcc2bd13caf219f104ecaa5149e230e78a173fbfa572928ff6843dec1fc75,,2026-01-05T22:17:35,2026-01-05T22:29:17,14970,1265404.1200000213,600905.780000003,600905.780000003,0.9541566089446094,False,False,,MARKET_MAKING,0.30000000000000004,,,False
0xe2e221c5b92dbc6ebf_2026-01-05T22:18:57,0xe2e221c5b92dbc6ebf112bbd35cde1a131d681fa7b16ee5340c225d2cef683b9,,2026-01-05T22:18:57,2026-01-05T22:19:11,1996,65748.23999999888,120758.0,65748.23999999888,0.9100000000000188,False,False,,MARKET_MAKING,0.30000000000000004,,,False
0x02eeaccd08d519c28d_2026-01-05T22:31:33,0x02eeaccd08d519c28d33c4ea3adb5415c9dbc3e79f6252433ff023525eea5abb,,2026-01-05T22:31:33,2026-01-05T22:31:43,1996,0.0,108472.61999999986,0,0.0,False,False,,DIRECTIONAL_SPIKE,0.3,,,False
0xc4fba04be7aae3fc11_2026-01-05T22:31:43,0xc4fba04be7aae3fc1151ef68c87626dcb24a92f5c7c5beadec64d8d5c3b2340c,btc-updown-15m-1767632400,2026-01-05T22:31:43,2026-01-05T22:43:23,9980,913179.9800000093,562672.3999999884,562672.3999999884,0.9426744608140858,False,False,,MARKET_MAKING,0.30000000000000004,,,False
0x85c33bef5eed2c25e8_2026-01-05T22:41:59,0x85c33bef5eed2c25e86916dd1f73c68e8e5b6c853b3dcb416cb04e66faeb2598,,2026-01-05T22:41:59,2026-01-05T22:43:01,4990,387233.98000000906,0.0,0,0.0,False,False,,DIRECTIONAL_SPIKE,0.3,,,False
0xca7110a056195a7f49_2026-01-05T22:49:37,0xca7110a056195a7f4960e7cd53daf54d70c9a18a5f7fe63235ec3edae9c33849,,2026-01-05T22:49:37,2026-01-05T22:49:37,998,0.0,149700.0,0,0.0,False,False,,DIRECTIONAL_SPIKE,0.3,,,False
0xb6c72637773c8fe1ae_2026-01-05T22:51:51,0xb6c72637773c8fe1aee6e18b3d095f9c99053393e68ddcec1326e3ec5e86359e,btc-updown-15m-1767633300,2026-01-05T22:51:51,2026-01-05T22:51:51,998,0.0,247603.800000004,0,0.0,False,False,,DIRECTIONAL_SPIKE,0.3,,,False
0xe21e9f2d029249025a_2026-01-05T23:02:23,0xe21e9f2d029249025a3a4df2d2d930bff43a693558888e4262e5bf8dd461720a,,2026-01-05T23:02:23,2026-01-05T23:02:23,998,47904.0,0.0,0,0.0,False,False,,DIRECTIONAL_SPIKE,0.3,,,False
0xca7110a056195a7f49_2026-01-05T23:09:35,0xca7110a056195a7f4960e7cd53daf54d70c9a18a5f7fe63235ec3edae9c33849,,2026-01-05T23:09:35,2026-01-05T23:15:45,12974,584818.0199999933,44590.639999999534,44590.639999999534,0.9747759395553504,False,False,,MARKET_MAKING,0.30000000000000004,,,False
0xaa129ffb9d5aa4bad8_2026-01-05T23:10:43,0xaa129ffb9d5aa4bad8a2d175a0f902b8794d6d59434e83d70be2453e8ad2e0d5,,2026-01-05T23:10:43,2026-01-05T23:13:39,6986,1008049.8599999236,0.0,0,0.0,False,False,,DIRECTIONAL_SPIKE,0.3,,,False
0x715fc33c2a8592438e_2026-01-05T23:15:15,0x715fc33c2a8592438e13e0e494f3352bafbdac4efe1831a65040114d051f5410,,2026-01-05T23:15:15,2026-01-05T23:19:25,14970,1073907.880000073,241516.0,241516.0,1.1619141125958472,False,False,,MARKET_MAKING,0.30000000000000004,,,False
0x0d20923057cc9bc6a3_2026-01-05T23:15:17,0x0d20923057cc9bc6a32c623023cd8c42acc37c156a9a7ba2bd339003ea4da3dd,btc-updown-15m-1767635100,2026-01-05T23:15:17,2026-01-05T23:19:01,1996,255488.0,0.0,0,0.0,False,False,,DIRECTIONAL_SPIKE,0.3,,,False
0x02eeaccd08d519c28d_2026-01-05T23:16:23,0x02eeaccd08d519c28d33c4ea3adb5415c9dbc3e79f6252433ff023525eea5abb,,2026-01-05T23:16:23,2026-01-05T23:26:49,51896,2339172.280000003,779986.9000001166,779986.9000001166,1.2041046622373834,False,False,,MARKET_MAKING,0.30000000000000004,,,False
0xf1159784b32cf200de_2026-01-05T23:30:07,0xf1159784b32cf200de71cf8350cd85b5bb278be9b2a69b0b8b22f2a93fa74031,,2026-01-05T23:30:07,2026-01-05T23:35:11,9980,729538.0,185628.0,185628.0,1.0313851992408836,False,False,,MARKET_MAKING,0.30000000000000004,,,False
0xbe240c6b934ba76b0a_2026-01-05T23:30:09,0xbe240c6b934ba76b0aebf64a4af0006f25ded7a27e85d27f699b4509d58dcd5d,,2026-01-05T23:30:09,2026-01-05T23:34:03,10978,452094.0,459968.2199999849,452094.0,1.0722947381248202,False,False,,FULL_SET_ARB,0.4,,,False
0x60cb38ae60f3937e1d_2026-01-05T23:30:19,0x60cb38ae60f3937e1dd1cef2f71495414d3cf19a6377d1dbe31d67d0eab5b6f8,,2026-01-05T23:30:19,2026-01-05T23:31:13,14970,0.0,1830012.6399999924,0,0.0,False,False,,DIRECTIONAL_SPIKE,0.3,,,False
0xa788ab5be810096617_2026-01-05T23:30:21,0xa788ab5be810096617c6596285903b248f7d100055b764a9eef2cac26c811e2c,btc-updown-15m-1767636000,2026-01-05T23:30:21,2026-01-05T23:33:47,2994,73033.6399999994,130508.46000000132,73033.6399999994,1.2350806231210631,False,False,,MARKET_MAKING,0.30000000000000004,,,False
0x7b7829c8c6b56b9739_2026-01-05T23:30:49,0x7b7829c8c6b56b9739c2786dedfa5ad85f05ece61a7f7819070f89f7b6477803,,2026-01-05T23:30:49,2026-01-06T00:00:09,31936,848290.0200000488,775206.4799999472,775206.4799999472,1.2432134087621205,False,False,,FULL_SET_ARB,0.4,,,False
0x985bc1d675c5e9588a_2026-01-05T23:31:05,0x985bc1d675c5e9588a138f41a089c7e1035e6d0b7c74db6d27959e88276acea2,,2026-01-05T23:31:05,2026-01-05T23:46:49,3992,0.0,344649.31999999663,0,0.0,False,False,,DIRECTIONAL_SPIKE,0.3,,,False
0x57047e2832873828c4_2026-01-05T23:45:55,0x57047e2832873828c41fcee93197653bb34430358e97c5cc8f9b9557380c1f52,btc-updown-15m-1767636900,2026-01-05T23:45:55,2026-01-05T23:45:55,998,0.0,838.3200000000056,0,0.0,False,False,,DIRECTIONAL_SPIKE,0.3,,,False
0xbe240c6b934ba76b0a_2026-01-05T23:46:27,0xbe240c6b934ba76b0aebf64a4af0006f25ded7a27e85d27f699b4509d58dcd5d,,2026-01-05T23:46:27,2026-01-05T23:46:27,998,0.0,10978.0,0,0.0,False,False,,DIRECTIONAL_SPIKE,0.3,,,False
0xc6dc10c43f74a8ce13_2026-01-05T23:46:57,0xc6dc10c43f74a8ce13c0a0703e93637ad3fe0738ccd6da6e4fe90860f2135116,,2026-01-05T23:46:57,2026-01-05T23:46:57,998,0.0,25708.47999999954,0,0.0,False,False,,DIRECTIONAL_SPIKE,0.3,,,False
0x57047e2832873828c4_2026-01-05T23:56:25,0x57047e2832873828c41fcee93197653bb34430358e97c5cc8f9b9557380c1f52,btc-updown-15m-1767636900,2026-01-05T23:56:25,2026-01-05T23:56:27,1996,216645.839999997,0.0,0,0.0,False,False,,DIRECTIONAL_SPIKE,0.3,,,False
0x60cb38ae60f3937e1d_2026-01-05T23:57:15,0x60cb38ae60f3937e1dd1cef2f71495414d3cf19a6377d1dbe31d67d0eab5b6f8,,2026-01-05T23:57:15,2026-01-06T00:17:25,17964,1146831.7400000547,26965.960000000367,26965.960000000367,1.4094260875618814,False,False,,MARKET_MAKING,0.30000000000000004,,,False
0x1a3d34e41198786dca_2026-01-06T00:00:07,0x1a3d34e41198786dca57c44d3ffe8f7ab368baaf6f2bf2786c389dd991d90dc3,,2026-01-06T00:00:07,2026-01-06T00:12:55,7984,1341012.5999999805,379729.0199999907,379729.0199999907,0.7788797733708142,False,False,,MARKET_MAKING,0.30000000000000004,,,False
0xe2ebc678950b0d81d5_2026-01-06T00:00:35,0xe2ebc678950b0d81d5f89e007ab993e30ef11e5acda469ca95d70794b246f8a1,,2026-01-06T00:00:35,2026-01-06T00:00:35,998,0.0,120758.0,0,0.0,False,False,,DIRECTIONAL_SPIKE,0.3,,,False
0x985bc1d675c5e9588a_2026-01-06T00:13:05,0x985bc1d675c5e9588a138f41a089c7e1035e6d0b7c74db6d27959e88276acea2,,2026-01-06T00:13:05,2026-01-06T00:26:53,16966,1752278.419999952,5718.539999999888,5718.539999999888,0.5214675445240886,False,False,,MARKET_MAKING,0.30000000000000004,,,False
0xe2ebc678950b0d81d5_2026-01-06T00:13:59,0xe2ebc678950b0d81d5f89e007ab993e30ef11e5acda469ca95d70794b246f8a1,,2026-01-06T00:13:59,2026-01-06T00:14:47,2994,241516.0,17465.0,17465.0,0.9624380165289277,False,False,,MARKET_MAKING,0.30000000000000004,,,False
0x3c5d797469cbd1859a_2026-01-06T00:16:27,0x3c5d797469cbd1859a9105a96c483cfa3d67e00334c75afb69f0e23772c6333c,,2026-01-06T00:16:27,2026-01-06T00:16:33,3992,836353.9400000239,0.0,0,0.0,False,False,,DIRECTIONAL_SPIKE,0.3,,,False
0xbe240c6b934ba76b0a_2026-01-06T00:18:41,0xbe240c6b934ba76b0aebf64a4af0006f25ded7a27e85d27f699b4509d58dcd5d,,2026-01-06T00:18:41,2026-01-06T00:25:17,11976,605895.779999986,58722.31999999853,58722.31999999853,0.8341827675380038,False,False,,MARKET_MAKING,0.30000000000000004,,,False
0xe644cc140b6aade66f_2026-01-06T00:30:09,0xe644cc140b6aade66f34d8ca561b6c8173685a7e9119aa12052716abf2ba25a5,,2026-01-06T00:30:09,2026-01-06T00:30:21,7984,0.0,679887.5,0,0.0,False,False,,DIRECTIONAL_SPIKE,0.3,,,False
0xebb561c28f81e2fea3_2026-01-06T00:30:09,0xebb561c28f81e2fea37d531f30b0f25f3bf129b5a0e491457b8edb95fcb97220,btc-updown-15m-1767639600,2026-01-06T00:30:09,2026-01-06T00:30:09,998,0.0,250498.0,0,0.0,False,False,,DIRECTIONAL_SPIKE,0.3,,,False
0x0ac02858d645239bd8_2026-01-06T00:30:11,0x0ac02858d645239bd80aed1856eaf0246b373c3586c8d3ee3d8f4db85a4c98b9,,2026-01-06T00:30:11,2026-01-06T00:40:11,6986,0.0,264579.7800000224,0,0.0,False,False,,DIRECTIONAL_SPIKE,0.3,,,False
0x7bdf5b8399636efd0f_2026-01-06T00:30:25,0x7bdf5b8399636efd0fd2b574f19899032b95ffa2941991061f142db2bfc7f029,,2026-01-06T00:30:25,2026-01-06T00:41:01,4990,0.0,773220.4599999605,0,0.0,False,False,,DIRECTIONAL_SPIKE,0.3,,,False
0xf25e9be9070130cd13_2026-01-06T00:31:01,0xf25e9be9070130cd13c26e8ac3f7c67e4b3cf4c9d57867a87cf65471de3bd554,,2026-01-06T00:31:01,2026-01-06T01:15:33,14970,1205025.1199999442,175777.73999999964,175777.73999999964,1.4133636830630787,False,False,,MARKET_MAKING,0.30000000000000004,,,False
0x0078e3f136ca6e2957_2026-01-06T00:31:03,0x0078e3f136ca6e29570d44f16c134e78a983c49a2a62411e571be42b954714c0,,2026-01-06T00:31:03,2026-01-06T01:24:25,34930,1250304.379999967,1192649.9200000372,1192649.9200000372,1.2411836748005904,False,False,,FULL_SET_ARB,0.4,,,False
0x18b5d0680d437c5127_2026-01-06T00:45:39,0x18b5d0680d437c512702d5ffb6f47faef308383e406cbea5468f09a6e7b77582,,2026-01-06T00:45:39,2026-01-06T00:48:31,1996,120758.0,120758.0,120758.0,1.200000000000009,False,False,,FULL_SET_ARB,0.4,,,False
0x2abb7d676e4e236e73_2026-01-06T00:49:43,0x2abb7d676e4e236e730fa6f2730783d2552f5f1faea821791e4d47ff57b17245,btc-updown-15m-1767640500,2026-01-06T00:49:43,2026-01-06T00:50:07,1996,0.0,171266.779999997,0,0.0,False,False,,DIRECTIONAL_SPIKE,0.3,,,False
0x7bdf5b8399636efd0f_2026-01-06T00:57:13,0x7bdf5b8399636efd0fd2b574f19899032b95ffa2941991061f142db2bfc7f029,,2026-01-06T00:57:13,2026-01-06T01:13:17,7984,991772.4799999512,96806.0,96806.0,1.1753600466913272,False,False,,MARKET_MAKING,0.30000000000000004,,,False
0x0ac02858d645239bd8_2026-01-06T01:05:43,0x0ac02858d645239bd80aed1856eaf0246b373c3586c8d3ee3d8f4db85a4c98b9,,2026-01-06T01:05:43,2026-01-06T01:05:43,998,0.0,4990.0,0,0.0,False,False,,DIRECTIONAL_SPIKE,0.3,,,False
0xb9d0495219a3e351a5_2026-01-06T01:15:47,0xb9d0495219a3e351a567522f6edf3e313d1962ae75fffcab3d35c6ecaff2398f,,2026-01-06T01:15:47,2026-01-06T01:29:19,11976,442652.92000004504,235847.3600000198,235847.3600000198,0.9987485452792484,False,False,,MARKET_MAKING,0.30000000000000004,,,False
0x0ac02858d645239bd8_2026-01-06T01:27:09,0x0ac02858d645239bd80aed1856eaf0246b373c3586c8d3ee3d8f4db85a4c98b9,,2026-01-06T01:27:09,2026-01-06T01:27:09,998,60608.54000000127,0.0,0,0.0,False,False,,DIRECTIONAL_SPIKE,0.3,,,False
0x43e61fc3632ca79ebf_2026-01-06T01:30:09,0x43e61fc3632ca79ebf9a9c304c6896d9d52dcbfb6b9a6743218db7dfb71f5c09,,2026-01-06T01:30:09,2026-01-06T01:57:59,5208,65859.67999999972,370541.5199999744,65859.67999999972,1.2256201775038138,False,False,,MARKET_MAKING,0.30000000000000004,,,False
0x467a183e890af4d2c6_2026-01-06T01:30:09,0x467a183e890af4d2c6f159cb590d50124fe70103b4174c7734b6f168f1f58b2e,btc-updown-15m-1767645900,2026-01-06T01:30:09,2026-01-06T02:17:49,1412,78399.25,28516.5,28516.5,1.1127997582866613,False,False,,MARKET_MAKING,0.30000000000000004,,,False
0xc5507bf528e30741b0_2026-01-06T01:30:19,0xc5507bf528e30741b09ae4b5bdc282d0db3467b43d2e9d21e556a61f4c810574,,2026-01-06T01:30:19,2026-01-06T01:33:57,2933,118855.0999999998,120879.0,118855.0999999998,1.4394006332080074,False,False,,FULL_SET_ARB,0.4,,,False
0x66be6f586a0f337c27_2026-01-06T01:32:01,0x66be6f586a0f337c273574ae1e53c32f5433e4f65e27b27e5c2503a6d4eacb07,,2026-01-06T01:32:01,2026-01-06T01:40:45,2750,312942.3099999948,0.0,0,0.0,False,False,,DIRECTIONAL_SPIKE,0.3,,,False
0xd44a1b540281c51c91_2026-01-06T01:32:15,0xd44a1b540281c51c919f46f1fc9e3aab739d37071ea764f351eb5edd4494c9ce,btc-updown-15m-1767643200,2026-01-06T01:32:15,2026-01-06T01:43:31,1007,872.8,15723.740000000002,872.8,1.0344438161921061,False,False,,MARKET_MAKING,0.30000000000000004,,,False
0x0cc7cdfc02fc4b3936_2026-01-06T01:36:55,0x0cc7cdfc02fc4b3936db853d36e608dc56bd4010f3078f3673f8d2528e105a22,,2026-01-06T01:36:55,2026-01-06T01:47:05,6,325.39,0.0,0,0.0,False,False,,DIRECTIONAL_SPIKE,0.3,,,False
0x48aad3f3340f96580f_2026-01-06T01:45:37,0x48aad3f3340f96580f01779c76d1afa944daadbb7bb860524ca33762a84d75c6,btc-updown-15m-1767644100,2026-01-06T01:45:37,2026-01-06T01:55:41,15,579.59,667.49,579.59,1.2885590121162835,False,False,,FULL_SET_ARB,0.4,,,False
0x84a52b744da37a1c08_2026-01-06T01:46:05,0x84a52b744da37a1c08121fddf3d608cd83e0fc61b17ac2ad34d8fe45557c0606,,2026-01-06T01:46:05,2026-01-06T01:55:41,14,697.03,412.95,412.95,1.0892584264389602,False,False,,UNKNOWN,0.0,,,False
0x11dbc123a279ee0834_2026-01-06T02:00:11,0x11dbc123a279ee0834f4509b6043538bce9f0dcb8cd41e77b0d781ba4a0b08e8,,2026-01-06T02:00:11,2026-01-06T02:00:23,3,0.0,263.0,0,0.0,False,False,,DIRECTIONAL_SPIKE,0.5,,,False
0x0cc7cdfc02fc4b3936_2026-01-06T02:01:03,0x0cc7cdfc02fc4b3936db853d36e608dc56bd4010f3078f3673f8d2528e105a22,,2026-01-06T02:01:03,2026-01-06T02:28:49,14,199.98000000000002,590.5999999999999,199.98000000000002,0.7851936928200101,False,False,,FULL_SET_ARB,0.3,,,False
0x213c6c5ce7bcc0af59_2026-01-06T02:15:05,0x213c6c5ce7bcc0af59c246717c56ee1807cd98bdffcedc41d82c8a6e9630f740,,2026-01-06T02:15:05,2026-01-06T02:16:39,3,181.0,121.0,121.0,1.058378156248573,False,False,,HYBRID,0.2,,,False
0x32a3ce3f6861811504_2026-01-06T02:17:49,0x32a3ce3f68618115040e96cb00480e1af3c2d809318c9c46fd15a410ce73e740,btc-updown-15m-1767645900,2026-01-06T02:17:49,2026-01-06T02:29:05,15,894.39,1145.72,894.39,1.1937242329833142,False,False,,FULL_SET_ARB,0.4,,,False
0xebf75d3bd0637bdcfb_2026-01-06T02:30:07,0xebf75d3bd0637bdcfbbe40c6798dc45e18f040a3863b978dd248ef18a4538371,,2026-01-06T02:30:07,2026-01-06T02:42:55,12,286.59000000000003,588.5,286.59000000000003,0.8750893097617569,False,False,,FULL_SET_ARB,0.3,,,False
0x4dfefd752d771b1afe_2026-01-06T02:30:07,0x4dfefd752d771b1afe108061f8bbfbdb150d36ea4b77a89fc303025a670461f8,,2026-01-06T02:30:07,2026-01-06T02:50:53,6,160.01999999999998,324.0,160.01999999999998,1.041418572678415,False,False,,UNKNOWN,0.0,,,False
0x5cce9567aebeaf6b28_2026-01-06T02:30:07,0x5cce9567aebeaf6b28ee69dc359577bed9cb04703a172d9c4e5848763a475922,btc-updown-15m-1767646800,2026-01-06T02:30:07,2026-01-06T02:38:39,12,779.53,866.22,779.53,0.9809787400280972,False,False,,FULL_SET_ARB,0.7,,,False
0xa7df0f76d928f2a118_2026-01-06T02:30:09,0xa7df0f76d928f2a118757e975a88b8c6a1e8aeb32cbb57c37c69768406004a4f,,2026-01-06T02:30:09,2026-01-06T02:56:41,11,423.0,1017.71,423.0,1.1210047986332268,False,False,,UNKNOWN,0.0,,,False
0x2f00f330402a14ee0d_2026-01-06T02:30:11,0x2f00f330402a14ee0d137ea62f74ab4085023fb9191882f1a53f1162f4b71e9f,,2026-01-06T02:30:11,2026-01-06T02:34:07,6,1014.1099999999999,0.0,0,0.0,False,False,,DIRECTIONAL_SPIKE,0.3,,,False
0x15b503a98cd5166638_2026-01-06T02:31:31,0x15b503a98cd5166638652a02f80f83bccfe3fde3ed394bcbc94edace502fc5eb,,2026-01-06T02:31:31,2026-01-06T02:55:31,12,1658.15,10.8,10.8,1.104779000693544,False,False,,UNKNOWN,0.0,,,False
0xce01fcb2538ec0d172_2026-01-06T02:45:43,0xce01fcb2538ec0d1723f3eb7245a204c07cbdd755e4d8a3dde7bc5971247118f,,2026-01-06T02:45:43,2026-01-06T02:57:59,9,121.0,278.13,121.0,0.8448603171178946,False,False,,FULL_SET_ARB,0.3,,,False
0x0d08b5889c466e17c0_2026-01-06T02:45:53,0x0d08b5889c466e17c0084c3e8ad093b2803eda30736e726abd88309d56f3a482,btc-updown-15m-1767647700,2026-01-06T02:45:53,2026-01-06T02:56:41,6,312.19,164.14000000000001,164.14000000000001,1.0406472975108696,False,False,,UNKNOWN,0.0,,,False
0x2f00f330402a14ee0d_2026-01-06T02:59:25,0x2f00f330402a14ee0d137ea62f74ab4085023fb9191882f1a53f1162f4b71e9f,,2026-01-06T02:59:25,2026-01-06T02:59:25,1,0.0,251.0,0,0.0,False,False,,DIRECTIONAL_SPIKE,0.5,,,False
0x1e275f29aa0d014076_2026-01-06T03:00:15,0x1e275f29aa0d0140767795a0a1ee825a80122fed4ee46d175003636c6e27e6f2,,2026-01-06T03:00:15,2026-01-06T03:03:19,4,36.82,198.25,36.82,0.5950623770046571,False,False,,FULL_SET_ARB,0.3,,,False
0x4dfefd752d771b1afe_2026-01-06T03:08:45,0x4dfefd752d771b1afe108061f8bbfbdb150d36ea4b77a89fc303025a670461f8,,2026-01-06T03:08:45,2026-01-06T03:08:45,1,24.95,0.0,0,0.0,False,False,,DIRECTIONAL_SPIKE,0.3,,,False
0x2f00f330402a14ee0d_2026-01-06T03:15:45,0x2f00f330402a14ee0d137ea62f74ab4085023fb9191882f1a53f1162f4b71e9f,,2026-01-06T03:15:45,2026-01-06T03:18:25,2,0.0,440.08000000000004,0,0.0,False,False,,DIRECTIONAL_SPIKE,0.5,,,False
0xa7df0f76d928f2a118_2026-01-06T03:17:11,0xa7df0f76d928f2a118757e975a88b8c6a1e8aeb32cbb57c37c69768406004a4f,,2026-01-06T03:17:11,2026-01-06T03:26:53,29,1777.41,1176.25,1176.25,1.0164694442225966,False,False,,MARKET_MAKING,0.30000000000000004,,,False
0x4dfefd752d771b1afe_2026-01-06T03:20:31,0x4dfefd752d771b1afe108061f8bbfbdb150d36ea4b77a89fc303025a670461f8,,2026-01-06T03:20:31,2026-01-06T03:25:15,18,132.57999999999998,1517.5,132.57999999999998,1.074079547721397,False,False,,UNKNOWN,0.0,,,False
0x337d4c2746a830d4a3_2026-01-06T03:23:33,0x337d4c2746a830d4a34c45dfe58b171ff8a49c21f6511d42a829a23ff390051b,,2026-01-06T03:23:33,2026-01-06T03:25:17,7,37.71,499.0,37.71,0.8111683775931604,False,False,,FULL_SET_ARB,0.3,,,False
0xb50c46337dbc4b866a_2026-01-06T03:23:33,0xb50c46337dbc4b866acfe5c6825b70cd222e64908d8ec7538e318113a8bf7668,,2026-01-06T03:23:33,2026-01-06T03:28:57,11,276.0,1077.2,276.0,0.7723594759898179,False,False,,FULL_SET_ARB,0.3,,,False
0x0bd600f1ace6642a85_2026-01-06T03:31:01,0x0bd600f1ace6642a85e3dae531e3cdae95ca8dbca683f8c8a4e8a1bcbb32b5b3,,2026-01-06T03:31:01,2026-01-06T03:34:45,5,0.0,545.0,0,0.0,False,False,,DIRECTIONAL_SPIKE,0.5,,,False
0x5a39f23454a569d081_2026-01-06T03:32:27,0x5a39f23454a569d081b8c9722de8acb0eb9305fd7c73974294b82d0b515ec7d6,,2026-01-06T03:32:27,2026-01-06T03:43:03,11,321.46,404.4,321.46,1.0204042328390075,False,False,,FULL_SET_ARB,0.4,,,False
0x47798ea7be45b3c103_2026-01-06T03:38:11,0x47798ea7be45b3c103bf94c8a96846fc4355fb6fb4f42651ac70e4b6c64eb727,,2026-01-06T03:38:11,2026-01-06T03:41:09,4,524.24,0.0,0,0.0,False,False,,DIRECTIONAL_SPIKE,0.5,,,False
0x7d7f6bfba68ddd369a_2026-01-06T03:38:29,0x7d7f6bfba68ddd369a088275a5f24a7e2b02e9c8c6f8c34215cc993e94dfb2bf,btc-updown-15m-1767650400,2026-01-06T03:38:29,2026-01-06T03:38:31,4,0.0,702.5899999999999,0,0.0,False,False,,DIRECTIONAL_SPIKE,0.5,,,False
0x0c045cf4ecec2ddf90_2026-01-06T03:42:03,0x0c045cf4ecec2ddf9091a21ac2a65ce967868d49e298fa24b18055834375b9a0,,2026-01-06T03:42:03,2026-01-06T03:42:03,1,0.0,11.0,0,0.0,False,False,,DIRECTIONAL_SPIKE,0.3,,,False
0xf00a24531b7ca67c6e_2026-01-06T03:45:15,0xf00a24531b7ca67c6edb8b326cca80d48071b1a06a9f7d4cd390a42ee259216f,btc-updown-15m-1767651300,2026-01-06T03:45:15,2026-01-06T03:48:11,3,197.58,53.12,53.12,0.7538855421686748,False,False,,FULL_SET_ARB,0.3,,,False
0x0be89d18bda5d0e60b_2026-01-06T03:46:09,0x0be89d18bda5d0e60bf2735d88fe55322af576d1ac6495d46668b4653916757b,,2026-01-06T03:46:09,2026-01-06T03:46:09,1,0.0,45.98,0,0.0,False,False,,DIRECTIONAL_SPIKE,0.3,,,False
0x0bd600f1ace6642a85_2026-01-06T03:51:25,0x0bd600f1ace6642a85e3dae531e3cdae95ca8dbca683f8c8a4e8a1bcbb32b5b3,,2026-01-06T03:51:25,2026-01-06T04:26:43,18,574.93,563.75,563.75,1.1007604279182854,False,False,,FULL_SET_ARB,0.4,,,False
0x0c045cf4ecec2ddf90_2026-01-06T03:57:39,0x0c045cf4ecec2ddf9091a21ac2a65ce967868d49e298fa24b18055834375b9a0,,2026-01-06T03:57:39,2026-01-06T04:24:09,11,152.78,161.0,152.78,0.7967632384974456,False,False,,FULL_SET_ARB,0.7,,,False
0x8cc853540bdbaeabdb_2026-01-06T03:58:51,0x8cc853540bdbaeabdbcd4feb93f974f8aea07bff47079396738f0f2c984a70ed,,2026-01-06T03:58:51,2026-01-06T03:58:51,1,0.0,251.0,0,0.0,False,False,,DIRECTIONAL_SPIKE,0.5,,,False
0xed1c4eeeeeaccacd93_2026-01-06T04:00:09,0xed1c4eeeeeaccacd93d7109640e078270e729e8241ce61cadb65acfb2d2ad213,,2026-01-06T04:00:09,2026-01-06T04:12:41,14,607.88,1208.19,607.88,0.6922908459362687,False,False,,FULL_SET_ARB,0.3,,,False
0x6148aa25ceb13426ef_2026-01-06T04:02:59,0x6148aa25ceb13426ef13743866d6f92c592210ee9aea1403a8ba28935b5d671f,,2026-01-06T04:02:59,2026-01-06T04:06:41,3,0.0,168.82999999999998,0,0.0,False,False,,DIRECTIONAL_SPIKE,0.5,,,False
0x47798ea7be45b3c103_2026-01-06T04:06:47,0x47798ea7be45b3c103bf94c8a96846fc4355fb6fb4f42651ac70e4b6c64eb727,,2026-01-06T04:06:47,2026-01-06T04:26:15,20,568.8199999999999,1728.04,568.8199999999999,0.5989591815760378,False,False,,MARKET_MAKING,0.30000000000000004,,,False
0x3f2d2ecd37c691129b_2026-01-06T04:15:07,0x3f2d2ecd37c691129b933039bccb1d9f92865aa23136c8c58085d383baefccea,,2026-01-06T04:15:07,2026-01-06T04:18:29,7,420.58,279.8,279.8,0.9238323602679318,False,False,,FULL_SET_ARB,0.3,,,False
0x8f75b8f36f3deb53a4_2026-01-06T04:15:51,0x8f75b8f36f3deb53a4abec3a318dcdec4a8c575c26c767f1f7e44203997dc6f2,,2026-01-06T04:15:51,2026-01-06T04:18:01,3,303.22,0.0,0,0.0,False,False,,DIRECTIONAL_SPIKE,0.5,,,False
0x8cc853540bdbaeabdb_2026-01-06T04:20:19,0x8cc853540bdbaeabdbcd4feb93f974f8aea07bff47079396738f0f2c984a70ed,,2026-01-06T04:20:19,2026-01-06T04:24:07,2,5.37,100.0,5.37,0.9400000000000001,False,False,,FULL_SET_ARB,0.3,,,False
0xfdd9809563bb9d5d76_2026-01-06T04:30:07,0xfdd9809563bb9d5d76075caafa59c604f132dece11e653f7d55c65fae9c15663,btc-updown-15m-1767654000,2026-01-06T04:30:07,2026-01-06T04:39:17,8,825.48,232.0,232.0,0.5258930686931574,False,False,,FULL_SET_ARB,0.3,,,False
0x438c1a03115b9f95be_2026-01-06T04:30:07,0x438c1a03115b9f95be291678be3784e058ea32e576b307e5fb42993b74cbc41f,,2026-01-06T04:30:07,2026-01-06T04:30:07,1,0.0,121.0,0,0.0,False,False,,DIRECTIONAL_SPIKE,0.5,,,False
0x89fe89a6009cf1381c_2026-01-06T04:30:11,0x89fe89a6009cf1381c4c76e707bc8f0e329b8928baa34901b9ea7d244a6bd2e1,,2026-01-06T04:30:11,2026-01-06T05:04:41,11,613.79,291.54,291.54,1.0713616166771718,False,False,,UNKNOWN,0.0,,,False
0x753bdcc734c2f05c10_2026-01-06T04:34:17,0x753bdcc734c2f05c100f70f7a42d67a0cf8c69fd02444cc06067209a0022ebfc,,2026-01-06T04:34:17,2026-01-06T04:50:51,10,0.0,600.29,0,0.0,False,False,,DIRECTIONAL_SPIKE,0.3,,,False
0xa4de242439017f251c_2026-01-06T04:39:19,0xa4de242439017f251cf88509b57ce212ffdc6d86685ffaefa4cc7e97225fc5fa,,2026-01-06T04:39:19,2026-01-06T04:44:29,8,404.98,0.0,0,0.0,False,False,,DIRECTIONAL_SPIKE,0.3,,,False
0x9925a999dab2587a5c_2026-01-06T04:45:27,0x9925a999dab2587a5cd1b5208d9826094eda1f2ee644fb613de27c42a3467cff,btc-updown-15m-1767654900,2026-01-06T04:45:27,2026-01-06T04:57:13,19,829.66,1376.59,829.66,0.9354970185239888,False,False,,FULL_SET_ARB,0.3,,,False
0x033b79a59c91b65ec7_2026-01-06T04:45:39,0x033b79a59c91b65ec7c71768f5f34f8f1f6e2dbe5f2f599323e44a364f961657,,2026-01-06T04:45:39,2026-01-06T04:53:31,10,235.97,490.19,235.97,1.1601010659499165,False,False,,UNKNOWN,0.0,,,False
0x3d686edd21db0ef452_2026-01-06T04:49:23,0x3d686edd21db0ef452f3cf00d026522a1fdf67632c1327cd7db6d9f6fc712229,,2026-01-06T04:49:23,2026-01-06T04:49:23,2,0.0,254.0,0,0.0,False,False,,DIRECTIONAL_SPIKE,0.5,,,False
0xf56cbdfd71732785f8_2026-01-06T05:01:05,0xf56cbdfd71732785f8c90a704371a87952a9eca2ea7e93a505358853ff960b78,,2026-01-06T05:01:05,2026-01-06T05:12:05,11,192.47,526.0,192.47,1.0805944751451069,False,False,,UNKNOWN,0.0,,,False
0xb7166e400eacd115e7_2026-01-06T05:04:07,0xb7166e400eacd115e7783064be764573f66dbc1462462a19b224a8946c17896e,btc-updown-15m-1767655800,2026-01-06T05:04:07,2026-01-06T05:13:05,22,930.61,1819.09,930.61,0.8589585428568044,False,False,,MARKET_MAKING,0.30000000000000004,,,False
0x753bdcc734c2f05c10_2026-01-06T05:05:51,0x753bdcc734c2f05c100f70f7a42d67a0cf8c69fd02444cc06067209a0022ebfc,,2026-01-06T05:05:51,2026-01-06T05:05:51,1,0.0,79.56,0,0.0,False,False,,DIRECTIONAL_SPIKE,0.3,,,False
0x42d43c4150bb64ac7a_2026-01-06T05:15:07,0x42d43c4150bb64ac7ad08843aafffb5b09320c17515ad596f037e39aefce2a6d,,2026-01-06T05:15:07,2026-01-06T05:20:09,4,35.0,242.0,35.0,1.0578571428571428,False,False,,HYBRID,0.2,,,False
0x3b96f515b6c431fd21_2026-01-06T05:24:07,0x3b96f515b6c431fd215f6341c13e8349869e82b7e7f49865449a824c820f03be,btc-updown-15m-1767656700,2026-01-06T05:24:07,2026-01-06T05:28:23,14,755.2099999999999,1125.06,755.2099999999999,0.7347352948921954,False,False,,FULL_SET_ARB,0.3,,,False
0x138c628b692ea87c08_2026-01-06T05:30:19,0x138c628b692ea87c081cdef6cecbad358f9339a17fa29af4daebcc15ba823e15,,2026-01-06T05:30:19,2026-01-06T05:38:55,10,605.0,580.94,580.94,1.1197876544909973,False,False,,FULL_SET_ARB,0.4,,,False
0xa08465c2f701924936_2026-01-06T05:30:49,0xa08465c2f701924936474c23f7bbfc5251b9a41fea18ad6ff3b98825755f30cc,btc-updown-15m-1767657600,2026-01-06T05:30:49,2026-01-06T05:42:41,13,1976.53,1134.0,1134.0,0.5075415463131809,False,False,,FULL_SET_ARB,0.3,,,False
0xd72657c198cdb7be3e_2026-01-06T05:32:11,0xd72657c198cdb7be3ebe91ab894f2d011eac63ee99251082d9da143e1290ee19,,2026-01-06T05:32:11,2026-01-06T05:37:41,6,201.0,420.13000000000005,201.0,1.0710330135910313,False,False,,UNKNOWN,0.0,,,False
0x1ae91b6da3404a0029_2026-01-06T05:32:23,0x1ae91b6da3404a0029d6dd95e0aa8470aa6c92620f4046cf97145a7c2f98fada,,2026-01-06T05:32:23,2026-01-06T05:37:29,4,55.0,40.0,40.0,1.3286363636363636,False,False,,FULL_SET_ARB,0.4,,,False
0x7d87ebcd9590620c06_2026-01-06T05:32:35,0x7d87ebcd9590620c06f2330520c90db2c47b13cd0aed135c5ae0887e2924cfb8,,2026-01-06T05:32:35,2026-01-06T05:58:57,6,288.41999999999996,94.03999999999999,94.03999999999999,1.1151178685255987,False,False,,UNKNOWN,0.0,,,False
0x5c55858408f0bffbc5_2026-01-06T05:45:11,0x5c55858408f0bffbc540864adbe45eb4c8699507e044d2871f788e26d80a93b2,,2026-01-06T05:45:11,2026-01-06T05:45:47,3,0.0,363.0,0,0.0,False,False,,DIRECTIONAL_SPIKE,0.5,,,False
0x6f0169efe8ab3c2124_2026-01-06T05:45:15,0x6f0169efe8ab3c21245990fc77175db1b4a678328a159cff9960716b8f910633,btc-updown-15m-1767658500,2026-01-06T05:45:15,2026-01-06T05:58:15,15,652.94,1287.0,652.94,1.050959799093165,False,False,,UNKNOWN,0.0,,,False
0x5c55858408f0bffbc5_2026-01-06T05:56:49,0x5c55858408f0bffbc540864adbe45eb4c8699507e044d2871f788e26d80a93b2,,2026-01-06T05:56:49,2026-01-06T05:57:27,2,77.78,0.0,0,0.0,False,False,,DIRECTIONAL_SPIKE,0.3,,,False
0xd72657c198cdb7be3e_2026-01-06T05:59:29,0xd72657c198cdb7be3ebe91ab894f2d011eac63ee99251082d9da143e1290ee19,,2026-01-06T05:59:29,2026-01-06T06:28:27,14,1568.5299999999997,819.3100000000001,819.3100000000001,0.9778429432881826,False,False,,FULL_SET_ARB,0.3,,,False
0x098504bc6cc2f3fce4_2026-01-06T06:00:05,0x098504bc6cc2f3fce423f5c173c80df8c513f7ed5a092167ea6cd986c7bc4985,,2026-01-06T06:00:05,2026-01-06T06:03:51,10,178.26,1845.99,178.26,1.00950214507825,False,False,,UNKNOWN,0.0,,,False
0xc8c8dab87ae954fd0f_2026-01-06T06:00:07,0xc8c8dab87ae954fd0fb950722835001cb7fd6d41e75aed1867c2978dd8b34e25,,2026-01-06T06:00:07,2026-01-06T06:03:05,8,0.0,623.24,0,0.0,False,False,,DIRECTIONAL_SPIKE,0.3,,,False
0x1ae91b6da3404a0029_2026-01-06T06:03:31,0x1ae91b6da3404a0029d6dd95e0aa8470aa6c92620f4046cf97145a7c2f98fada,,2026-01-06T06:03:31,2026-01-06T06:21:45,31,1218.1499999999999,125.2,125.2,0.9917818300389778,False,False,,MARKET_MAKING,0.30000000000000004,,,False
0x0071ab1c503fe53faf_2026-01-06T06:06:03,0x0071ab1c503fe53faf64dc8beaf06c03f58142633c9c342d81881c5682268a5a,,2026-01-06T06:06:03,2026-01-06T06:06:03,1,0.0,34.29,0,0.0,False,False,,DIRECTIONAL_SPIKE,0.3,,,False
0x174d63f151397ad3f8_2026-01-06T06:15:05,0x174d63f151397ad3f81bd8fe718cfa76e04c5b1941a6c114557d0011e98fa989,btc-updown-15m-1767660300,2026-01-06T06:15:05,2026-01-06T06:24:13,10,619.3199999999999,1828.42,619.3199999999999,1.0176029914934137,False,False,,UNKNOWN,0.0,,,False
0x378cb91537e3c6364a_2026-01-06T06:15:07,0x378cb91537e3c6364ad16cee1ef4c80f80c62f5bdcb3cf98fbc36350a438a499,,2026-01-06T06:15:07,2026-01-06T06:18:29,8,167.0,726.0,167.0,1.075069860279441,False,False,,UNKNOWN,0.0,,,False
0xc8416d9ebf38ac2829_2026-01-06T06:30:07,0xc8416d9ebf38ac2829525f143b58841f7761d21d4f187879facb4ac7f9b72dd7,,2026-01-06T06:30:07,2026-01-06T06:39:15,4,748.16,32.0,32.0,1.067814371257485,False,False,,HYBRID,0.2,,,False
0xffe6be81dda2d4fcd5_2026-01-06T06:31:23,0xffe6be81dda2d4fcd5e303dc2dbeb5665cc04dd53226ebaaa01d32941b637cc3,,2026-01-06T06:31:23,2026-01-06T06:31:23,1,36.0,0.0,0,0.0,False,False,,DIRECTIONAL_SPIKE,0.3,,,False
0x752b54ffb2cda5173b_2026-01-06T06:31:37,0x752b54ffb2cda5173bca2511fa1da93605e26fd80c211c91915f19b9c4482e9b,,2026-01-06T06:31:37,2026-01-06T06:51:17,13,303.44,188.89000000000001,188.89000000000001,1.215227444801262,False,False,,UNKNOWN,0.0,,,False
0x40b89853bc6784b273_2026-01-06T06:31:41,0x40b89853bc6784b273e43808871bb36d3398d322743b31c95dc7059740b84914,btc-updown-15m-1767661200,2026-01-06T06:31:41,2026-01-06T06:43:05,9,444.2,946.41,444.2,0.7895007877133324,False,False,,FULL_SET_ARB,0.3,,,False
0xae849a6ada01af412a_2026-01-06T06:35:39,0xae849a6ada01af412a890dfa434d4c34bfa32f88c7652a96789b5e5a850a2499,,2026-01-06T06:35:39,2026-01-06T06:49:55,14,322.04,203.7,203.7,1.280732751329323,False,False,,UNKNOWN,0.0,,,False
0xdc8404751ffcd667cc_2026-01-06T06:43:17,0xdc8404751ffcd667cc3e44c56bb110adbd2699ba1caae4ad883dd1b3cf714f7f,,2026-01-06T06:43:17,2026-01-06T06:51:11,3,127.53999999999999,0.0,0,0.0,False,False,,DIRECTIONAL_SPIKE,0.5,,,False
0x87ae414d3203677dba_2026-01-06T06:45:05,0x87ae414d3203677dbace48c2c6eed8e35c65640131627cd7d560fa13a950ae6f,btc-updown-15m-1767662100,2026-01-06T06:45:05,2026-01-06T06:53:41,3,301.0,30.75,30.75,0.7531186991869918,False,False,,FULL_SET_ARB,0.3,,,False
0x954de19ae90ddf28c1_2026-01-06T06:45:05,0x954de19ae90ddf28c14d8547da9b57a951743f061adf806dcc84a34df547e1a4,,2026-01-06T06:45:05,2026-01-06T06:45:07,3,363.0,0.0,0,0.0,False,False,,DIRECTIONAL_SPIKE,0.5,,,False
0xcc6b6f4580fd4a25cb_2026-01-06T07:00:29,0xcc6b6f4580fd4a25cb6b3490df61a8029efe9fe5c189425853886a79b3edf7e8,,2026-01-06T07:00:29,2026-01-06T07:03:05,2,0.0,212.0,0,0.0,False,False,,DIRECTIONAL_SPIKE,0.5,,,False
0xae849a6ada01af412a_2026-01-06T07:00:47,0xae849a6ada01af412a890dfa434d4c34bfa32f88c7652a96789b5e5a850a2499,,2026-01-06T07:00:47,2026-01-06T07:27:25,31,1220.45,805.17,805.17,0.9386120653356669,False,False,,MARKET_MAKING,0.30000000000000004,,,False
0xc8416d9ebf38ac2829_2026-01-06T07:03:43,0xc8416d9ebf38ac2829525f143b58841f7761d21d4f187879facb4ac7f9b72dd7,,2026-01-06T07:03:43,2026-01-06T07:27:07,24,642.0,1466.49,642.0,0.6912940527968015,False,False,,MARKET_MAKING,0.30000000000000004,,,False
0x752b54ffb2cda5173b_2026-01-06T07:09:23,0x752b54ffb2cda5173bca2511fa1da93605e26fd80c211c91915f19b9c4482e9b,,2026-01-06T07:09:23,2026-01-06T07:27:39,38,1321.43,972.75,972.75,0.8816574443844726,False,False,,FULL_SET_ARB,0.7,,,False
0x81a0ce9e7126e3b543_2026-01-06T07:19:03,0x81a0ce9e7126e3b543efbfb3b81cd3b2d6870a6a86a84c990536e76561b7f189,,2026-01-06T07:19:03,2026-01-06T07:19:51,2,0.0,126.0,0,0.0,False,False,,DIRECTIONAL_SPIKE,0.5,,,False
0xdc8404751ffcd667cc_2026-01-06T07:21:33,0xdc8404751ffcd667cc3e44c56bb110adbd2699ba1caae4ad883dd1b3cf714f7f,,2026-01-06T07:21:33,2026-01-06T07:25:59,9,0.0,372.13,0,0.0,False,False,,DIRECTIONAL_SPIKE,0.3,,,False
0x35fcaa9b33f4024e5a_2026-01-06T07:26:39,0x35fcaa9b33f4024e5a7693fc0747d1902f98fce346f2d6cdb06e5c947975f19c,,2026-01-06T07:26:39,2026-01-06T07:26:39,1,40.65,0.0,0,0.0,False,False,,DIRECTIONAL_SPIKE,0.3,,,False
0xe7336979e45ff05e16_2026-01-06T07:30:05,0xe7336979e45ff05e167892dd4d4b170c5c24ce5e818941a4ecd3d90ad81267ec,btc-updown-15m-1767664800,2026-01-06T07:30:05,2026-01-06T07:31:29,4,0.0,512.49,0,0.0,False,False,,DIRECTIONAL_SPIKE,0.5,,,False
0x2762120c339af11de4_2026-01-06T07:30:07,0x2762120c339af11de48457ce962b52b801d3d93b2c37b8043d9d9f3bc5520726,,2026-01-06T07:30:07,2026-01-06T07:39:29,3,0.0,352.59,0,0.0,False,False,,DIRECTIONAL_SPIKE,0.5,,,False
0x22776de3a0c449c5f7_2026-01-06T07:30:07,0x22776de3a0c449c5f775ad758229d6eca9d01a394fe7e11c5d57dbd18ac7a5b0,,2026-01-06T07:30:07,2026-01-06T07:32:01,2,75.0,9.0,9.0,1.11,False,False,,UNKNOWN,0.0,,,False
0xbde568b63655626ad5_2026-01-06T07:30:23,0xbde568b63655626ad5e746634d1d52f6a7142a01848c7e04944a0ff5a904c331,,2026-01-06T07:30:23,2026-01-06T08:06:07,8997,461.63000000000005,27.92,27.92,1.0819112606897434,False,False,,MARKET_MAKING,0.30000000000000004,,,False
0x908c7a8e9610b4889f_2026-01-06T07:34:45,0x908c7a8e9610b4889f140dae5851830f6e8c1175fc50aa59d4c3681a2bf8ae8a,,2026-01-06T07:34:45,2026-01-06T07:34:59,2,0.0,25.93,0,0.0,False,False,,DIRECTIONAL_SPIKE,0.3,,,False
0xe7336979e45ff05e16_2026-01-06T07:43:11,0xe7336979e45ff05e167892dd4d4b170c5c24ce5e818941a4ecd3d90ad81267ec,btc-updown-15m-1767664800,2026-01-06T07:43:11,2026-01-06T07:43:11,1,276.29,0.0,0,0.0,False,False,,DIRECTIONAL_SPIKE,0.5,,,False
0x7f947ba03492c4c479_2026-01-06T07:45:05,0x7f947ba03492c4c47949945797b2316e02628107b0478779edb2de0079bb0e75,,2026-01-06T07:45:05,2026-01-06T07:48:55,9,363.0,701.6800000000001,363.0,0.9069858003130149,False,False,,FULL_SET_ARB,0.3,,,False
0xac7d24efa702433fe6_2026-01-06T07:45:05,0xac7d24efa702433fe6ec8c08850b753e5c2179525e9dceda2f769794222472e7,btc-updown-15m-1767665700,2026-01-06T07:45:05,2026-01-06T08:04:21,92804,992.9699999999999,5199.01,992.9699999999999,0.712178355817078,False,True,,MARKET_MAKING,0.30000000000000004,,REDEEM_UNKNOWN,False
0x22776de3a0c449c5f7_2026-01-06T07:52:15,0x22776de3a0c449c5f775ad758229d6eca9d01a394fe7e11c5d57dbd18ac7a5b0,,2026-01-06T07:52:15,2026-01-06T08:29:07,31462,550.4300000000001,731.7099999999999,550.4300000000001,0.7391217101658143,False,False,,FULL_SET_ARB,0.7,,,False
0x2762120c339af11de4_2026-01-06T07:57:57,0x2762120c339af11de48457ce962b52b801d3d93b2c37b8043d9d9f3bc5520726,,2026-01-06T07:57:57,2026-01-06T08:17:43,34947,1252.3799999999999,1391.84,1252.3799999999999,1.019452780634262,False,False,,FULL_SET_ARB,0.4,,,False
0xdc9cecbcfe1b264e26_2026-01-06T08:00:05,0xdc9cecbcfe1b264e26a98a89abaea6eb6be998c9cf881096a9ca517fd711bb7f,,2026-01-06T08:00:05,2026-01-06T08:19:13,87831,1278.13,385.23,385.23,0.6668694200958998,False,True,,MARKET_MAKING,0.30000000000000004,,REDEEM_UNKNOWN,False
0x95d635257a85d0204a_2026-01-06T08:01:25,0x95d635257a85d0204a450cdf19adbb5873465f9d26f49cb1375a1084625f53c9,,2026-01-06T08:01:25,2026-01-06T08:04:07,29944,51.99,253.5,51.99,1.0734122287968442,False,False,,MARKET_MAKING,0.30000000000000004,,,False
0x752673c4d5d92f3584_2026-01-06T08:01:33,0x752673c4d5d92f3584d9fa80a1392b820aca54757b614d4c788cae3aceb3835b,,2026-01-06T08:01:33,2026-01-06T08:29:05,12780,916.33,557.4099999999999,557.4099999999999,1.3250797946832922,False,False,,MARKET_MAKING,0.30000000000000004,,,False
0xb995bd199246d88596_2026-01-06T08:15:05,0xb995bd199246d88596e1f2a18feec916888d4aca40bc02996c567249551e2c75,,2026-01-06T08:15:05,2026-01-06T08:34:31,20019,87.3,79.76,79.76,1.287388316151203,False,True,,FULL_SET_ARB,0.4,,REDEEM_UNKNOWN,False
0x953344eca87debfb75_2026-01-06T08:15:07,0x953344eca87debfb753e19f31dc9779936e0bdd22fc7877f8acaa32725af145f,,2026-01-06T08:15:07,2026-01-06T08:34:31,155250,2744.37,4780.61,2744.37,0.7549137027461281,False,True,,MARKET_MAKING,0.30000000000000004,,REDEEM_UNKNOWN,False
0x2c57e70775ef1fee14_2026-01-06T08:30:09,0x2c57e70775ef1fee142ea725640c6bc5e9552b906f7959342d4f44d903facf72,,2026-01-06T08:30:09,2026-01-06T08:40:43,42,169.5,100.0,100.0,1.025,False,False,,MARKET_MAKING,0.30000000000000004,,,False
0x04a5f3e6fc62e154c4_2026-01-06T08:30:09,0x04a5f3e6fc62e154c4eb0bbf9b915b09335f2172ce18827d4f50a4a48c325fbb,btc-updown-15m-1767668400,2026-01-06T08:30:09,2026-01-06T08:38:07,89,0.0,0.0,0,0.0,False,False,,HYBRID,0.2,,,False
0x30f30a5a1656698132_2026-01-06T08:30:11,0x30f30a5a1656698132c305ddef63e16a67819311adc92290d8f778058acdf392,,2026-01-06T08:30:11,2026-01-06T08:41:27,16,0.0,0.0,0,0.0,False,False,,UNKNOWN,0.0,,,False
0x0dfe96e8779075b8b8_2026-01-06T08:32:39,0x0dfe96e8779075b8b89b3febff97c81d2fea02d07d3c227cc38ba1d21e067725,,2026-01-06T08:32:39,2026-01-06T08:39:05,22,0.0,0.0,0,0.0,False,False,,HYBRID,0.2,,,False
0xb1eb20291fb96c0308_2026-01-06T08:33:07,0xb1eb20291fb96c03082b6683e748052df85ef72facaf31ab21e6977624671998,,2026-01-06T08:33:07,2026-01-06T08:41:21,3,0.0,0.0,0,0.0,False,False,,UNKNOWN,0.0,,,False
0x43f76233fca0fac92c_2026-01-06T08:41:13,0x43f76233fca0fac92c2d97bba876420ba989b4ad7d1fdb9db3bc7d0d2cdd7f21,,2026-01-06T08:41:13,2026-01-06T08:41:13,1,0.0,0.0,0,0.0,False,False,,UNKNOWN,0.0,,,False
