window_id,spike_side,spike_price,spike_time,entry_side,entry_price,we_win,final_price,gross_pnl,fee,net_pnl
25_10_31_01_00_01_15,UP,91,382.7,DOWN,11,False,2,-1.1000,0.217827,-1.3178
25_10_31_02_00_02_15,DOWN,90,366.0,UP,11,False,2,-1.1000,0.217827,-1.3178
25_10_31_03_00_03_15,DOWN,90,283.6,UP,12,True,99,8.8000,0.232320,8.5677
25_10_31_04_00_04_15,UP,90,559.4,DOWN,11,False,6,-1.1000,0.217827,-1.3178
25_10_31_05_00_05_15,DOWN,90,236.0,UP,11,False,2,-1.1000,0.217827,-1.3178
25_10_31_08_00_08_15,UP,90,265.3,DOWN,12,True,99,8.8000,0.232320,8.5677
25_10_31_10_00_10_15,DOWN,91,820.8,UP,10,False,5,-1.0000,0.202500,-1.2025
25_10_31_11_00_11_15,DOWN,90,441.9,UP,12,False,2,-1.2000,0.232320,-1.4323
25_10_31_12_00_12_15,DOWN,90,669.9,UP,12,False,2,-1.2000,0.232320,-1.4323
25_10_31_14_00_14_15,UP,93,626.4,DOWN,9,True,98,9.1000,0.186323,8.9137
25_10_31_15_00_15_15,UP,94,573.8,DOWN,10,True,99,9.0000,0.202500,8.7975
25_10_31_18_00_18_15,UP,90,432.1,DOWN,12,False,4,-1.2000,0.232320,-1.4323
25_10_31_20_00_20_15,DOWN,93,315.6,UP,10,False,9,-1.0000,0.202500,-1.2025
25_11_01_01_00_01_15,UP,90,220.9,DOWN,12,False,2,-1.2000,0.232320,-1.4323
25_11_01_05_00_05_15,DOWN,90,291.3,UP,11,False,2,-1.1000,0.217827,-1.3178
25_11_01_06_00_06_15,DOWN,90,500.9,UP,12,False,2,-1.2000,0.232320,-1.4323
25_11_01_11_00_11_15,UP,90,405.3,DOWN,12,False,2,-1.2000,0.232320,-1.4323
25_11_01_12_00_12_15,UP,90,555.7,DOWN,12,False,94,-1.2000,0.232320,-1.4323
25_11_01_14_00_14_15,DOWN,90,588.8,UP,12,False,2,-1.2000,0.232320,-1.4323
25_11_01_15_00_15_15,UP,91,313.2,DOWN,11,False,2,-1.1000,0.217827,-1.3178
25_11_01_16_00_16_15,UP,91,369.2,DOWN,10,True,98,9.0000,0.202500,8.7975
25_11_01_17_00_17_15,DOWN,90,385.1,UP,12,False,3,-1.2000,0.232320,-1.4323
25_11_01_18_00_18_15,UP,94,533.7,DOWN,7,False,2,-0.7000,0.151357,-0.8514
25_11_01_20_00_20_15,UP,92,693.7,DOWN,9,False,3,-0.9000,0.186323,-1.0863
25_11_01_22_00_22_15,UP,91,159.9,DOWN,12,False,2,-1.2000,0.232320,-1.4323
25_11_02_04_00_04_15,UP,92,447.9,DOWN,12,False,4,-1.2000,0.232320,-1.4323
25_11_02_05_00_05_15,DOWN,96,530.9,UP,12,False,2,-1.2000,0.232320,-1.4323
25_11_02_12_00_12_15,DOWN,94,582.0,UP,12,False,2,-1.2000,0.232320,-1.4323
25_11_02_14_00_14_15,DOWN,92,741.0,UP,12,False,4,-1.2000,0.232320,-1.4323
25_11_02_15_00_15_15,DOWN,90,471.6,UP,12,False,2,-1.2000,0.232320,-1.4323
25_11_02_16_00_16_15,DOWN,91,35.4,UP,12,False,2,-1.2000,0.232320,-1.4323
25_11_02_23_00_23_15,UP,90,123.8,DOWN,11,False,1,-1.1000,0.217827,-1.3178
25_11_03_11_00_11_15,UP,90,207.8,DOWN,11,False,3,-1.1000,0.217827,-1.3178
25_11_03_12_00_12_15,UP,92,270.2,DOWN,10,False,2,-1.0000,0.202500,-1.2025
25_11_03_13_00_13_15,DOWN,90,617.8,UP,11,False,2,-1.1000,0.217827,-1.3178
25_11_03_15_00_15_15,DOWN,90,390.8,UP,12,False,2,-1.2000,0.232320,-1.4323
25_11_04_03_00_03_15,DOWN,90,420.3,UP,12,True,99,8.8000,0.232320,8.5677
25_11_04_10_00_10_15,DOWN,90,807.1,UP,11,False,5,-1.1000,0.217827,-1.3178
25_11_04_14_00_14_15,UP,90,716.5,DOWN,11,False,75,-1.1000,0.217827,-1.3178
25_11_04_18_00_18_15,DOWN,90,259.7,UP,12,False,2,-1.2000,0.232320,-1.4323
25_11_04_19_00_19_15,DOWN,90,556.7,UP,12,False,95,-1.2000,0.232320,-1.4323
25_11_04_21_00_21_15,DOWN,91,704.1,UP,12,False,2,-1.2000,0.232320,-1.4323
25_11_05_09_00_09_15,UP,90,472.7,DOWN,12,False,3,-1.2000,0.232320,-1.4323
25_11_05_10_00_10_15,DOWN,90,653.7,UP,12,False,2,-1.2000,0.232320,-1.4323
25_11_05_16_00_16_15,DOWN,90,413.0,UP,12,False,2,-1.2000,0.232320,-1.4323
25_11_05_17_00_17_15,DOWN,90,369.9,UP,12,False,3,-1.2000,0.232320,-1.4323
25_11_06_02_00_02_15,DOWN,90,595.5,UP,12,False,2,-1.2000,0.232320,-1.4323
25_11_06_03_00_03_15,UP,91,426.9,DOWN,11,False,2,-1.1000,0.217827,-1.3178
25_11_06_17_00_17_15,UP,90,603.4,DOWN,11,False,2,-1.1000,0.217827,-1.3178
25_11_06_20_00_20_15,UP,90,734.0,DOWN,11,True,99,8.9000,0.217827,8.6822
25_11_07_00_00_00_15,DOWN,93,785.3,UP,11,False,85,-1.1000,0.217827,-1.3178
25_11_07_03_00_03_15,UP,92,278.7,DOWN,11,False,3,-1.1000,0.217827,-1.3178
25_11_07_04_00_04_15,DOWN,94,400.3,UP,10,False,3,-1.0000,0.202500,-1.2025
25_11_07_06_00_06_15,DOWN,90,414.6,UP,12,False,2,-1.2000,0.232320,-1.4323
25_11_07_08_00_08_15,DOWN,90,599.7,UP,12,False,3,-1.2000,0.232320,-1.4323
25_11_07_09_00_09_15,DOWN,90,209.8,UP,11,False,3,-1.1000,0.217827,-1.3178
25_11_07_11_00_11_15,DOWN,91,244.0,UP,11,False,2,-1.1000,0.217827,-1.3178
25_11_07_14_00_14_15,DOWN,90,343.4,UP,12,False,78,-1.2000,0.232320,-1.4323
25_11_07_18_00_18_15,UP,90,498.9,DOWN,12,False,2,-1.2000,0.232320,-1.4323
25_11_07_20_00_20_15,DOWN,90,412.8,UP,12,False,2,-1.2000,0.232320,-1.4323
25_11_07_21_00_21_15,DOWN,90,223.8,UP,12,False,2,-1.2000,0.232320,-1.4323
25_11_08_01_00_01_15,UP,90,251.0,DOWN,12,False,2,-1.2000,0.232320,-1.4323
25_11_08_05_00_05_15,UP,90,352.8,DOWN,12,True,97,8.8000,0.232320,8.5677
25_11_08_05_00_05_15,DOWN,97,857.0,UP,8,False,6,-0.8000,0.169280,-0.9693
25_11_08_10_00_10_15,DOWN,90,587.0,UP,12,False,2,-1.2000,0.232320,-1.4323
25_11_08_11_00_11_15,UP,90,566.8,DOWN,12,False,2,-1.2000,0.232320,-1.4323
25_11_08_13_00_13_15,DOWN,90,318.0,UP,12,False,2,-1.2000,0.232320,-1.4323
25_11_08_16_00_16_15,DOWN,90,532.4,UP,12,True,99,8.8000,0.232320,8.5677
25_11_08_23_00_23_15,UP,96,814.2,DOWN,10,False,10,-1.0000,0.202500,-1.2025
25_11_09_01_00_01_15,UP,90,395.5,DOWN,12,False,1,-1.2000,0.232320,-1.4323
25_11_09_11_00_11_15,UP,90,280.7,DOWN,11,False,5,-1.1000,0.217827,-1.3178
25_11_09_12_00_12_15,UP,90,856.0,DOWN,12,False,96,-1.2000,0.232320,-1.4323
25_11_09_13_00_13_15,UP,90,396.5,DOWN,11,False,2,-1.1000,0.217827,-1.3178
25_11_09_19_00_19_15,DOWN,90,600.3,UP,12,False,2,-1.2000,0.232320,-1.4323
25_11_09_20_00_20_15,UP,91,335.1,DOWN,11,True,98,8.9000,0.217827,8.6822
25_11_09_23_00_23_15,UP,90,101.3,DOWN,11,False,2,-1.1000,0.217827,-1.3178
25_11_10_03_00_03_15,UP,90,250.3,DOWN,12,True,99,8.8000,0.232320,8.5677
25_11_10_04_00_04_15,UP,90,551.2,DOWN,12,False,2,-1.2000,0.232320,-1.4323
25_11_10_06_00_06_15,UP,90,616.7,DOWN,12,False,2,-1.2000,0.232320,-1.4323
25_11_10_07_00_07_15,UP,90,486.0,DOWN,12,False,4,-1.2000,0.232320,-1.4323
25_11_10_08_00_08_15,DOWN,90,625.5,UP,12,False,2,-1.2000,0.232320,-1.4323
25_11_10_10_00_10_15,DOWN,90,511.5,UP,12,False,2,-1.2000,0.232320,-1.4323
25_11_10_12_00_12_15,DOWN,90,218.8,UP,12,False,2,-1.2000,0.232320,-1.4323
25_11_10_13_00_13_15,UP,90,248.6,DOWN,11,False,1,-1.1000,0.217827,-1.3178
25_11_10_16_00_16_15,UP,90,654.2,DOWN,11,False,2,-1.1000,0.217827,-1.3178
25_11_10_22_00_22_15,UP,90,411.5,DOWN,12,True,99,8.8000,0.232320,8.5677
25_11_11_06_00_06_15,DOWN,90,451.6,UP,12,False,2,-1.2000,0.232320,-1.4323
25_11_11_08_00_08_15,UP,90,528.9,DOWN,12,False,2,-1.2000,0.232320,-1.4323
25_11_11_11_00_11_15,UP,90,289.1,DOWN,12,False,1,-1.2000,0.232320,-1.4323
25_11_11_12_00_12_15,UP,90,415.8,DOWN,12,False,1,-1.2000,0.232320,-1.4323
25_11_11_16_00_16_15,DOWN,90,558.2,UP,12,True,99,8.8000,0.232320,8.5677
25_11_11_16_00_16_15,UP,90,843.6,DOWN,11,False,2,-1.1000,0.217827,-1.3178
25_11_11_19_00_19_15,DOWN,90,337.3,UP,12,False,5,-1.2000,0.232320,-1.4323
25_11_11_21_00_21_15,UP,90,621.5,DOWN,12,False,1,-1.2000,0.232320,-1.4323
25_11_12_00_00_00_15,UP,90,141.0,DOWN,12,True,99,8.8000,0.232320,8.5677
25_11_12_02_00_02_15,UP,90,746.8,DOWN,12,False,1,-1.2000,0.232320,-1.4323
25_11_12_03_00_03_15,UP,90,756.8,DOWN,12,False,1,-1.2000,0.232320,-1.4323
25_11_12_10_00_10_15,UP,90,484.0,DOWN,12,False,1,-1.2000,0.232320,-1.4323
25_11_12_11_00_11_15,UP,90,410.6,DOWN,11,False,2,-1.1000,0.217827,-1.3178
25_11_12_12_00_12_15,UP,91,668.1,DOWN,12,False,1,-1.2000,0.232320,-1.4323
25_11_12_13_00_13_15,DOWN,90,571.1,UP,12,False,2,-1.2000,0.232320,-1.4323
25_11_12_15_00_15_15,UP,90,651.7,DOWN,11,True,99,8.9000,0.217827,8.6822
25_11_12_15_00_15_15,DOWN,90,817.2,UP,12,False,3,-1.2000,0.232320,-1.4323
25_11_12_19_00_19_15,DOWN,90,417.2,UP,11,False,4,-1.1000,0.217827,-1.3178
25_11_12_20_00_20_15,UP,90,568.2,DOWN,12,False,4,-1.2000,0.232320,-1.4323
25_11_13_00_00_00_15,UP,90,509.9,DOWN,12,False,1,-1.2000,0.232320,-1.4323
25_11_13_01_00_01_15,UP,90,563.7,DOWN,12,False,2,-1.2000,0.232320,-1.4323
25_11_13_02_00_02_15,UP,91,482.5,DOWN,11,False,2,-1.1000,0.217827,-1.3178
25_11_13_06_00_06_15,UP,91,750.4,DOWN,12,False,5,-1.2000,0.232320,-1.4323
25_11_13_07_00_07_15,UP,90,581.1,DOWN,11,False,2,-1.1000,0.217827,-1.3178
25_11_13_08_00_08_15,UP,92,674.5,DOWN,12,False,32,-1.2000,0.232320,-1.4323
25_11_13_10_00_10_15,UP,90,492.2,DOWN,12,True,99,8.8000,0.232320,8.5677
25_11_13_15_00_15_15,DOWN,90,252.9,UP,12,False,19,-1.2000,0.232320,-1.4323
25_11_13_16_00_16_15,DOWN,90,724.6,UP,12,False,2,-1.2000,0.232320,-1.4323
25_11_13_18_00_18_15,DOWN,90,610.1,UP,12,False,2,-1.2000,0.232320,-1.4323
25_11_13_21_00_21_15,UP,90,347.7,DOWN,11,False,1,-1.1000,0.217827,-1.3178
25_11_13_22_00_22_15,UP,90,542.4,DOWN,11,False,2,-1.1000,0.217827,-1.3178
25_11_14_01_00_01_15,DOWN,90,623.3,UP,11,False,2,-1.1000,0.217827,-1.3178
25_11_14_06_00_06_15,DOWN,90,489.6,UP,12,False,4,-1.2000,0.232320,-1.4323
25_11_14_08_00_08_15,DOWN,90,602.9,UP,11,False,2,-1.1000,0.217827,-1.3178
25_11_14_09_00_09_15,UP,90,780.5,DOWN,11,True,99,8.9000,0.217827,8.6822
25_11_14_19_00_19_15,UP,90,733.2,DOWN,12,False,1,-1.2000,0.232320,-1.4323
25_11_14_22_00_22_15,UP,90,376.0,DOWN,12,True,99,8.8000,0.232320,8.5677
25_11_14_23_00_23_15,DOWN,90,229.2,UP,12,False,0,-1.2000,0.232320,-1.4323
25_11_15_00_00_00_15,UP,90,253.8,DOWN,11,False,2,-1.1000,0.217827,-1.3178
25_11_15_04_00_04_15,DOWN,90,371.2,UP,12,False,2,-1.2000,0.232320,-1.4323
25_11_15_05_00_05_15,DOWN,90,757.1,UP,11,False,3,-1.1000,0.217827,-1.3178
25_11_15_06_00_06_15,UP,90,721.1,DOWN,12,False,2,-1.2000,0.232320,-1.4323
25_11_15_12_00_12_15,DOWN,90,589.0,UP,12,True,99,8.8000,0.232320,8.5677
25_11_15_13_00_13_15,UP,90,535.3,DOWN,11,False,1,-1.1000,0.217827,-1.3178
25_11_15_15_00_15_15,UP,90,588.8,DOWN,12,False,2,-1.2000,0.232320,-1.4323
25_11_15_16_00_16_15,DOWN,91,362.7,UP,10,False,2,-1.0000,0.202500,-1.2025
25_11_15_18_00_18_15,UP,91,778.3,DOWN,12,False,4,-1.2000,0.232320,-1.4323
25_11_15_20_00_20_15,DOWN,91,466.3,UP,10,False,2,-1.0000,0.202500,-1.2025
25_11_15_21_00_21_15,UP,90,376.8,DOWN,12,False,2,-1.2000,0.232320,-1.4323
25_11_15_23_00_23_15,DOWN,90,529.1,UP,12,False,2,-1.2000,0.232320,-1.4323
25_11_16_01_00_01_15,DOWN,90,86.8,UP,12,True,99,8.8000,0.232320,8.5677
25_11_16_04_00_04_15,UP,90,605.2,DOWN,11,False,1,-1.1000,0.217827,-1.3178
25_11_16_05_00_05_15,UP,90,428.7,DOWN,12,False,2,-1.2000,0.232320,-1.4323
25_11_16_08_00_08_15,DOWN,90,493.5,UP,12,False,2,-1.2000,0.232320,-1.4323
25_11_16_09_00_09_15,DOWN,90,294.3,UP,11,False,3,-1.1000,0.217827,-1.3178
25_11_16_13_00_13_15,DOWN,90,352.6,UP,11,True,99,8.9000,0.217827,8.6822
25_11_16_15_00_15_15,DOWN,90,244.6,UP,12,False,2,-1.2000,0.232320,-1.4323
25_11_16_19_00_19_15,UP,90,619.7,DOWN,11,False,1,-1.1000,0.217827,-1.3178
25_11_16_20_00_20_15,UP,90,306.8,DOWN,12,False,2,-1.2000,0.232320,-1.4323
25_11_16_21_00_21_15,DOWN,90,304.9,UP,12,False,2,-1.2000,0.232320,-1.4323
25_11_16_22_00_22_15,DOWN,90,279.0,UP,12,False,2,-1.2000,0.232320,-1.4323
25_11_16_23_00_23_15,DOWN,92,116.6,UP,10,False,2,-1.0000,0.202500,-1.2025
25_11_17_00_00_00_15,UP,90,700.6,DOWN,11,True,97,8.9000,0.217827,8.6822
25_11_17_02_00_02_15,UP,90,368.8,DOWN,12,False,1,-1.2000,0.232320,-1.4323
25_11_17_03_00_03_15,UP,90,433.3,DOWN,12,False,1,-1.2000,0.232320,-1.4323
25_11_17_04_00_04_15,DOWN,90,593.1,UP,12,False,2,-1.2000,0.232320,-1.4323
25_11_17_05_00_05_15,DOWN,90,662.5,UP,12,False,3,-1.2000,0.232320,-1.4323
25_11_17_07_00_07_15,UP,91,470.2,DOWN,10,False,1,-1.0000,0.202500,-1.2025
25_11_17_09_00_09_15,DOWN,90,169.8,UP,11,False,2,-1.1000,0.217827,-1.3178
25_11_17_10_00_10_15,UP,90,696.3,DOWN,12,False,2,-1.2000,0.232320,-1.4323
25_11_17_11_00_11_15,UP,90,600.7,DOWN,11,False,2,-1.1000,0.217827,-1.3178
25_11_17_12_00_12_15,DOWN,90,543.1,UP,11,False,2,-1.1000,0.217827,-1.3178
25_11_17_13_00_13_15,DOWN,90,554.5,UP,12,False,2,-1.2000,0.232320,-1.4323
25_11_17_14_00_14_15,UP,94,831.6,DOWN,11,False,1,-1.1000,0.217827,-1.3178
25_11_17_15_00_15_15,DOWN,90,553.5,UP,12,False,2,-1.2000,0.232320,-1.4323
25_11_17_17_00_17_15,DOWN,90,406.8,UP,12,False,2,-1.2000,0.232320,-1.4323
25_11_17_18_00_18_15,UP,91,387.0,DOWN,10,False,3,-1.0000,0.202500,-1.2025
25_11_17_19_00_19_15,DOWN,90,775.3,UP,12,False,2,-1.2000,0.232320,-1.4323
25_11_17_21_00_21_15,UP,91,718.3,DOWN,10,False,2,-1.0000,0.202500,-1.2025
25_11_18_00_00_00_15,UP,90,684.5,DOWN,12,False,29,-1.2000,0.232320,-1.4323
25_11_18_02_00_02_15,DOWN,92,157.7,UP,10,False,2,-1.0000,0.202500,-1.2025
25_11_18_03_00_03_15,DOWN,90,259.7,UP,12,False,2,-1.2000,0.232320,-1.4323
25_11_18_04_00_04_15,DOWN,90,336.6,UP,11,False,2,-1.1000,0.217827,-1.3178
25_11_18_05_00_05_15,UP,93,806.1,DOWN,9,False,7,-0.9000,0.186323,-1.0863
25_11_18_08_00_08_15,UP,90,369.9,DOWN,11,False,1,-1.1000,0.217827,-1.3178
25_11_18_10_00_10_15,UP,90,847.9,DOWN,11,False,61,-1.1000,0.217827,-1.3178
25_11_18_14_00_14_15,DOWN,90,693.5,UP,12,False,2,-1.2000,0.232320,-1.4323
25_11_18_15_00_15_15,UP,90,593.8,DOWN,11,False,2,-1.1000,0.217827,-1.3178
25_11_18_16_00_16_15,UP,90,678.4,DOWN,12,False,1,-1.2000,0.232320,-1.4323
25_11_18_18_00_18_15,UP,90,302.2,DOWN,11,False,2,-1.1000,0.217827,-1.3178
25_11_18_19_00_19_15,UP,91,727.5,DOWN,11,False,2,-1.1000,0.217827,-1.3178
25_11_18_20_00_20_15,DOWN,90,660.9,UP,11,False,2,-1.1000,0.217827,-1.3178
25_11_18_21_00_21_15,UP,90,626.3,DOWN,12,False,2,-1.2000,0.232320,-1.4323
25_11_18_22_00_22_15,UP,90,185.1,DOWN,11,False,3,-1.1000,0.217827,-1.3178
25_11_18_23_00_23_15,DOWN,90,533.7,UP,12,False,2,-1.2000,0.232320,-1.4323
25_11_19_00_00_00_15,DOWN,90,142.0,UP,11,False,2,-1.1000,0.217827,-1.3178
25_11_19_01_00_01_15,DOWN,90,608.9,UP,12,False,2,-1.2000,0.232320,-1.4323
25_11_19_02_00_02_15,UP,90,587.8,DOWN,12,False,2,-1.2000,0.232320,-1.4323
25_11_19_04_00_04_15,DOWN,93,772.3,UP,9,False,2,-0.9000,0.186323,-1.0863
25_11_19_06_00_06_15,UP,90,549.6,DOWN,12,False,2,-1.2000,0.232320,-1.4323
25_11_19_07_00_07_15,UP,90,306.1,DOWN,12,False,2,-1.2000,0.232320,-1.4323
25_11_19_09_00_09_15,DOWN,90,263.4,UP,12,False,1,-1.2000,0.232320,-1.4323
25_11_19_10_00_10_15,UP,90,479.2,DOWN,12,False,45,-1.2000,0.232320,-1.4323
25_11_19_12_00_12_15,UP,90,395.9,DOWN,12,False,8,-1.2000,0.232320,-1.4323
25_11_19_13_00_13_15,DOWN,90,322.7,UP,12,False,2,-1.2000,0.232320,-1.4323
25_11_19_14_00_14_15,DOWN,90,547.6,UP,12,True,99,8.8000,0.232320,8.5677
25_11_19_15_00_15_15,UP,90,506.1,DOWN,12,False,1,-1.2000,0.232320,-1.4323
25_11_19_17_00_17_15,DOWN,90,521.2,UP,12,False,2,-1.2000,0.232320,-1.4323
25_11_19_19_00_19_15,DOWN,90,730.2,UP,12,False,2,-1.2000,0.232320,-1.4323
25_11_19_20_00_20_15,DOWN,91,530.7,UP,11,False,2,-1.1000,0.217827,-1.3178
25_11_19_22_00_22_15,DOWN,91,664.2,UP,12,False,2,-1.2000,0.232320,-1.4323
25_11_19_23_00_23_15,UP,90,194.7,DOWN,11,False,1,-1.1000,0.217827,-1.3178
25_11_20_02_00_02_15,DOWN,90,607.0,UP,11,True,99,8.9000,0.217827,8.6822
25_11_20_04_00_04_15,UP,90,734.6,DOWN,11,False,2,-1.1000,0.217827,-1.3178
25_11_20_06_00_06_15,UP,90,475.9,DOWN,12,False,3,-1.2000,0.232320,-1.4323
25_11_20_07_00_07_15,UP,90,733.7,DOWN,11,False,63,-1.1000,0.217827,-1.3178
25_11_20_08_00_08_15,DOWN,90,719.0,UP,12,False,2,-1.2000,0.232320,-1.4323
25_11_20_10_00_10_15,DOWN,90,434.7,UP,11,False,2,-1.1000,0.217827,-1.3178
25_11_20_11_00_11_15,DOWN,90,373.3,UP,12,False,2,-1.2000,0.232320,-1.4323
25_11_20_12_00_12_15,DOWN,92,809.9,UP,11,False,2,-1.1000,0.217827,-1.3178
25_11_20_14_00_14_15,DOWN,90,239.3,UP,11,False,2,-1.1000,0.217827,-1.3178
25_11_20_15_00_15_15,DOWN,90,384.9,UP,11,False,2,-1.1000,0.217827,-1.3178
25_11_20_16_00_16_15,DOWN,93,294.8,UP,11,False,2,-1.1000,0.217827,-1.3178
25_11_20_17_00_17_15,DOWN,90,426.6,UP,12,False,2,-1.2000,0.232320,-1.4323
25_11_20_18_00_18_15,UP,90,669.0,DOWN,12,False,2,-1.2000,0.232320,-1.4323
25_11_20_19_00_19_15,DOWN,90,291.4,UP,12,False,2,-1.2000,0.232320,-1.4323
25_11_20_20_00_20_15,DOWN,90,492.9,UP,11,False,2,-1.1000,0.217827,-1.3178
25_11_20_21_00_21_15,UP,90,326.6,DOWN,11,False,2,-1.1000,0.217827,-1.3178
25_11_20_22_00_22_15,UP,90,406.1,DOWN,12,False,1,-1.2000,0.232320,-1.4323
25_11_20_23_00_23_15,DOWN,90,427.9,UP,12,False,2,-1.2000,0.232320,-1.4323
25_11_21_00_00_00_15,UP,90,352.5,DOWN,11,False,1,-1.1000,0.217827,-1.3178
25_11_21_01_00_01_15,DOWN,90,801.4,UP,11,False,2,-1.1000,0.217827,-1.3178
25_11_21_02_00_02_15,DOWN,90,322.6,UP,11,False,2,-1.1000,0.217827,-1.3178
25_11_21_03_00_03_15,UP,90,327.5,DOWN,12,False,2,-1.2000,0.232320,-1.4323
25_11_21_04_00_04_15,DOWN,90,621.2,UP,12,False,2,-1.2000,0.232320,-1.4323
25_11_21_05_00_05_15,UP,91,840.2,DOWN,11,False,3,-1.1000,0.217827,-1.3178
25_11_21_08_00_08_15,UP,91,672.3,DOWN,11,False,1,-1.1000,0.217827,-1.3178
25_11_21_09_00_09_15,UP,90,669.0,DOWN,11,False,2,-1.1000,0.217827,-1.3178
25_11_21_10_00_10_15,UP,90,730.6,DOWN,12,True,99,8.8000,0.232320,8.5677
25_11_21_11_00_11_15,UP,90,462.3,DOWN,12,False,1,-1.2000,0.232320,-1.4323
25_11_21_12_00_12_15,DOWN,90,515.1,UP,11,False,41,-1.1000,0.217827,-1.3178
25_11_21_13_00_13_15,UP,90,540.7,DOWN,12,False,2,-1.2000,0.232320,-1.4323
25_11_21_14_00_14_15,DOWN,90,788.6,UP,12,False,2,-1.2000,0.232320,-1.4323
25_11_21_16_00_16_15,DOWN,90,317.9,UP,11,False,60,-1.1000,0.217827,-1.3178
25_11_21_17_00_17_15,UP,90,463.4,DOWN,11,False,1,-1.1000,0.217827,-1.3178
25_11_21_18_00_18_15,DOWN,90,226.9,UP,12,False,2,-1.2000,0.232320,-1.4323
25_11_21_19_00_19_15,UP,90,605.8,DOWN,12,True,98,8.8000,0.232320,8.5677
25_11_21_20_00_20_15,DOWN,90,483.5,UP,11,False,4,-1.1000,0.217827,-1.3178
25_11_21_21_00_21_15,UP,90,846.5,DOWN,11,False,2,-1.1000,0.217827,-1.3178
25_11_21_23_00_23_15,UP,93,789.5,DOWN,10,False,1,-1.0000,0.202500,-1.2025
25_11_22_02_00_02_15,DOWN,91,395.3,UP,12,False,2,-1.2000,0.232320,-1.4323
25_11_22_04_00_04_15,DOWN,90,256.0,UP,11,False,2,-1.1000,0.217827,-1.3178
25_11_22_06_00_06_15,DOWN,90,553.4,UP,12,False,10,-1.2000,0.232320,-1.4323
25_11_22_07_00_07_15,DOWN,90,581.9,UP,12,False,2,-1.2000,0.232320,-1.4323
25_11_22_08_00_08_15,DOWN,90,587.2,UP,11,False,2,-1.1000,0.217827,-1.3178
25_11_22_09_00_09_15,UP,90,555.1,DOWN,11,False,2,-1.1000,0.217827,-1.3178
25_11_22_10_00_10_15,UP,90,649.3,DOWN,11,False,2,-1.1000,0.217827,-1.3178
25_11_22_11_00_11_15,UP,90,522.1,DOWN,11,False,1,-1.1000,0.217827,-1.3178
25_11_22_12_00_12_15,DOWN,90,489.0,UP,11,False,2,-1.1000,0.217827,-1.3178
25_11_22_13_00_13_15,DOWN,90,265.9,UP,12,True,99,8.8000,0.232320,8.5677
25_11_22_13_00_13_15,UP,90,613.9,DOWN,10,False,2,-1.0000,0.202500,-1.2025
25_11_22_14_00_14_15,UP,90,176.0,DOWN,12,False,1,-1.2000,0.232320,-1.4323
25_11_22_15_00_15_15,DOWN,90,615.8,UP,12,False,2,-1.2000,0.232320,-1.4323
25_11_22_16_00_16_15,UP,91,535.6,DOWN,12,False,2,-1.2000,0.232320,-1.4323
25_11_22_18_00_18_15,UP,91,632.7,DOWN,11,False,5,-1.1000,0.217827,-1.3178
25_11_22_19_00_19_15,UP,90,576.1,DOWN,12,False,1,-1.2000,0.232320,-1.4323
25_11_22_20_00_20_15,UP,90,207.0,DOWN,11,False,2,-1.1000,0.217827,-1.3178
25_11_22_21_00_21_15,DOWN,90,601.8,UP,11,False,2,-1.1000,0.217827,-1.3178
25_11_22_22_00_22_15,UP,95,801.9,DOWN,9,False,3,-0.9000,0.186323,-1.0863
25_11_23_02_00_02_15,DOWN,90,663.3,UP,11,False,2,-1.1000,0.217827,-1.3178
25_11_23_03_00_03_15,DOWN,90,781.2,UP,12,False,2,-1.2000,0.232320,-1.4323
25_11_23_04_00_04_15,UP,90,588.0,DOWN,11,False,2,-1.1000,0.217827,-1.3178
25_11_23_05_00_05_15,DOWN,90,583.1,UP,11,False,2,-1.1000,0.217827,-1.3178
25_11_23_06_00_06_15,UP,90,495.8,DOWN,12,True,99,8.8000,0.232320,8.5677
25_11_23_06_00_06_15,DOWN,90,841.0,UP,11,False,2,-1.1000,0.217827,-1.3178
25_11_23_07_00_07_15,DOWN,90,323.1,UP,12,True,99,8.8000,0.232320,8.5677
25_11_23_08_00_08_15,UP,90,485.7,DOWN,11,False,1,-1.1000,0.217827,-1.3178
25_11_23_09_00_09_15,UP,90,769.2,DOWN,12,False,1,-1.2000,0.232320,-1.4323
25_11_23_10_00_10_15,DOWN,90,408.2,UP,11,False,2,-1.1000,0.217827,-1.3178
25_11_23_11_00_11_15,DOWN,90,450.1,UP,11,False,2,-1.1000,0.217827,-1.3178
25_11_23_13_00_13_15,UP,90,310.8,DOWN,12,True,99,8.8000,0.232320,8.5677
25_11_23_14_00_14_15,UP,90,201.8,DOWN,12,True,99,8.8000,0.232320,8.5677
25_11_23_14_00_14_15,DOWN,90,620.6,UP,12,False,2,-1.2000,0.232320,-1.4323
25_11_23_15_00_15_15,UP,90,643.8,DOWN,11,False,2,-1.1000,0.217827,-1.3178
25_11_23_18_00_18_15,UP,90,503.8,DOWN,12,False,2,-1.2000,0.232320,-1.4323
25_11_23_19_00_19_15,UP,90,308.7,DOWN,11,False,2,-1.1000,0.217827,-1.3178
25_11_23_20_00_20_15,UP,90,848.0,DOWN,11,False,1,-1.1000,0.217827,-1.3178
25_11_23_21_00_21_15,DOWN,90,586.5,UP,12,False,2,-1.2000,0.232320,-1.4323
25_11_23_22_00_22_15,DOWN,90,247.2,UP,12,False,2,-1.2000,0.232320,-1.4323
25_11_23_23_00_23_15,DOWN,90,200.8,UP,12,False,2,-1.2000,0.232320,-1.4323
25_11_24_00_00_00_15,DOWN,90,305.4,UP,12,False,2,-1.2000,0.232320,-1.4323
25_11_24_01_00_01_15,UP,90,608.8,DOWN,11,False,2,-1.1000,0.217827,-1.3178
25_11_24_02_00_02_15,UP,90,145.7,DOWN,11,False,2,-1.1000,0.217827,-1.3178
25_11_24_04_00_04_15,UP,90,666.4,DOWN,11,True,99,8.9000,0.217827,8.6822
25_11_24_05_00_05_15,UP,90,376.3,DOWN,12,False,2,-1.2000,0.232320,-1.4323
25_11_24_06_00_06_15,DOWN,90,315.5,UP,12,False,2,-1.2000,0.232320,-1.4323
25_11_24_07_00_07_15,DOWN,90,840.3,UP,11,False,2,-1.1000,0.217827,-1.3178
25_11_24_08_00_08_15,DOWN,90,282.8,UP,12,False,2,-1.2000,0.232320,-1.4323
25_11_24_09_00_09_15,DOWN,90,453.6,UP,12,False,2,-1.2000,0.232320,-1.4323
25_11_24_10_00_10_15,UP,90,326.2,DOWN,11,False,96,-1.1000,0.217827,-1.3178
25_11_24_11_00_11_15,DOWN,91,505.7,UP,11,True,99,8.9000,0.217827,8.6822
25_11_24_13_00_13_15,UP,90,422.2,DOWN,11,False,2,-1.1000,0.217827,-1.3178
25_11_24_15_00_15_15,UP,90,392.0,DOWN,11,False,2,-1.1000,0.217827,-1.3178
25_11_24_16_00_16_15,UP,90,152.5,DOWN,11,False,2,-1.1000,0.217827,-1.3178
25_11_24_17_00_17_15,DOWN,90,604.4,UP,12,False,2,-1.2000,0.232320,-1.4323
25_11_24_18_00_18_15,UP,90,786.2,DOWN,11,False,1,-1.1000,0.217827,-1.3178
25_11_24_20_00_20_15,UP,90,474.0,DOWN,11,False,2,-1.1000,0.217827,-1.3178
25_11_24_22_00_22_15,UP,90,396.8,DOWN,12,False,2,-1.2000,0.232320,-1.4323
25_11_24_23_00_23_15,DOWN,90,596.0,UP,11,False,2,-1.1000,0.217827,-1.3178
25_11_25_00_00_00_15,DOWN,90,206.1,UP,11,False,2,-1.1000,0.217827,-1.3178
25_11_25_01_00_01_15,DOWN,90,435.0,UP,12,True,99,8.8000,0.232320,8.5677
25_11_25_01_00_01_15,UP,91,772.8,DOWN,12,False,1,-1.2000,0.232320,-1.4323
25_11_25_02_00_02_15,UP,90,643.1,DOWN,11,False,2,-1.1000,0.217827,-1.3178
25_11_25_03_00_03_15,DOWN,90,676.4,UP,11,False,2,-1.1000,0.217827,-1.3178
25_11_25_04_00_04_15,UP,90,319.8,DOWN,12,False,2,-1.2000,0.232320,-1.4323
25_11_25_07_00_07_15,DOWN,90,348.0,UP,12,True,99,8.8000,0.232320,8.5677
25_11_25_07_00_07_15,UP,90,848.2,DOWN,12,False,2,-1.2000,0.232320,-1.4323
25_11_25_09_00_09_15,DOWN,90,670.2,UP,11,False,2,-1.1000,0.217827,-1.3178
25_11_25_11_00_11_15,UP,90,833.9,DOWN,12,False,2,-1.2000,0.232320,-1.4323
25_11_25_12_00_12_15,UP,90,244.5,DOWN,12,False,1,-1.2000,0.232320,-1.4323
25_11_25_13_00_13_15,UP,91,816.6,DOWN,10,False,2,-1.0000,0.202500,-1.2025
25_11_25_14_00_14_15,UP,90,378.1,DOWN,12,True,99,8.8000,0.232320,8.5677
25_11_25_15_00_15_15,DOWN,90,218.9,UP,11,False,2,-1.1000,0.217827,-1.3178
25_11_25_17_00_17_15,UP,92,660.9,DOWN,9,False,1,-0.9000,0.186323,-1.0863
25_11_25_18_00_18_15,UP,90,565.8,DOWN,12,False,15,-1.2000,0.232320,-1.4323
25_11_25_19_00_19_15,DOWN,90,268.0,UP,11,False,2,-1.1000,0.217827,-1.3178
25_11_25_20_00_20_15,UP,90,802.0,DOWN,11,False,2,-1.1000,0.217827,-1.3178
25_11_25_21_00_21_15,DOWN,90,433.5,UP,11,False,2,-1.1000,0.217827,-1.3178
25_11_25_22_00_22_15,DOWN,90,150.7,UP,11,False,2,-1.1000,0.217827,-1.3178
25_11_25_23_00_23_15,UP,90,781.8,DOWN,11,False,1,-1.1000,0.217827,-1.3178
25_11_26_02_00_02_15,UP,90,717.8,DOWN,11,False,3,-1.1000,0.217827,-1.3178
25_11_26_03_00_03_15,UP,90,743.2,DOWN,11,True,99,8.9000,0.217827,8.6822
25_11_26_04_00_04_15,DOWN,95,495.9,UP,12,False,2,-1.2000,0.232320,-1.4323
25_11_26_05_00_05_15,UP,91,390.4,DOWN,11,False,3,-1.1000,0.217827,-1.3178
25_11_26_06_00_06_15,UP,90,422.3,DOWN,11,False,2,-1.1000,0.217827,-1.3178
25_11_26_07_00_07_15,DOWN,90,759.2,UP,12,True,99,8.8000,0.232320,8.5677
25_11_26_08_00_08_15,DOWN,95,480.4,UP,11,False,2,-1.1000,0.217827,-1.3178
25_11_26_09_00_09_15,DOWN,90,594.5,UP,12,False,2,-1.2000,0.232320,-1.4323
25_11_26_10_00_10_15,UP,90,173.2,DOWN,11,False,2,-1.1000,0.217827,-1.3178
25_11_26_11_00_11_15,UP,90,855.6,DOWN,12,False,3,-1.2000,0.232320,-1.4323
25_11_26_12_00_12_15,DOWN,90,196.6,UP,11,False,2,-1.1000,0.217827,-1.3178
25_11_26_14_00_14_15,DOWN,90,602.9,UP,12,True,99,8.8000,0.232320,8.5677
25_11_26_14_00_14_15,UP,90,744.8,DOWN,11,False,1,-1.1000,0.217827,-1.3178
25_11_26_15_00_15_15,UP,90,488.0,DOWN,11,False,3,-1.1000,0.217827,-1.3178
25_11_26_16_00_16_15,UP,90,259.2,DOWN,11,False,1,-1.1000,0.217827,-1.3178
25_11_26_17_00_17_15,UP,90,730.2,DOWN,12,False,2,-1.2000,0.232320,-1.4323
25_11_26_18_00_18_15,UP,90,534.4,DOWN,11,False,3,-1.1000,0.217827,-1.3178
25_11_26_19_00_19_15,DOWN,90,489.3,UP,12,False,2,-1.2000,0.232320,-1.4323
25_11_26_20_00_20_15,DOWN,90,351.7,UP,12,False,2,-1.2000,0.232320,-1.4323
25_11_26_22_00_22_15,UP,91,557.1,DOWN,10,False,2,-1.0000,0.202500,-1.2025
25_11_26_23_00_23_15,UP,90,475.2,DOWN,12,False,2,-1.2000,0.232320,-1.4323
25_11_27_00_00_00_15,DOWN,90,469.3,UP,12,False,2,-1.2000,0.232320,-1.4323
25_11_27_01_00_01_15,UP,92,301.5,DOWN,9,False,1,-0.9000,0.186323,-1.0863
25_11_27_03_00_03_15,UP,92,529.3,DOWN,9,True,98,9.1000,0.186323,8.9137
25_11_27_04_00_04_15,UP,90,614.2,DOWN,10,False,2,-1.0000,0.202500,-1.2025
25_11_27_05_00_05_15,DOWN,90,679.2,UP,12,True,97,8.8000,0.232320,8.5677
25_11_27_05_00_05_15,UP,94,842.4,DOWN,7,False,4,-0.7000,0.151357,-0.8514
25_11_27_06_00_06_15,UP,90,541.3,DOWN,12,False,2,-1.2000,0.232320,-1.4323
25_11_27_07_00_07_15,UP,90,762.0,DOWN,11,False,2,-1.1000,0.217827,-1.3178
25_11_27_08_00_08_15,DOWN,92,655.9,UP,12,False,2,-1.2000,0.232320,-1.4323
25_11_27_10_00_10_15,UP,90,436.4,DOWN,12,False,4,-1.2000,0.232320,-1.4323
25_11_27_11_00_11_15,DOWN,90,532.6,UP,12,False,2,-1.2000,0.232320,-1.4323
25_11_27_12_00_12_15,UP,90,700.1,DOWN,12,False,4,-1.2000,0.232320,-1.4323
25_11_27_13_00_13_15,DOWN,90,609.1,UP,11,False,2,-1.1000,0.217827,-1.3178
25_11_27_14_00_14_15,DOWN,90,741.2,UP,12,False,4,-1.2000,0.232320,-1.4323
25_11_27_15_00_15_15,DOWN,90,692.4,UP,11,False,2,-1.1000,0.217827,-1.3178
25_11_27_16_00_16_15,UP,90,815.8,DOWN,11,False,2,-1.1000,0.217827,-1.3178
25_11_27_18_00_18_15,DOWN,90,771.1,UP,11,False,2,-1.1000,0.217827,-1.3178
25_11_27_19_00_19_15,DOWN,90,220.8,UP,12,False,6,-1.2000,0.232320,-1.4323
25_11_27_22_00_22_15,UP,90,822.7,DOWN,12,False,2,-1.2000,0.232320,-1.4323
25_11_27_23_00_23_15,UP,90,304.9,DOWN,12,False,1,-1.2000,0.232320,-1.4323
25_11_28_00_00_00_15,DOWN,90,336.7,UP,12,False,2,-1.2000,0.232320,-1.4323
25_11_28_01_00_01_15,DOWN,91,534.9,UP,11,False,2,-1.1000,0.217827,-1.3178
25_11_28_02_00_02_15,UP,90,849.7,DOWN,11,False,2,-1.1000,0.217827,-1.3178
25_11_28_03_00_03_15,UP,91,728.1,DOWN,11,False,4,-1.1000,0.217827,-1.3178
25_11_28_04_00_04_15,UP,90,629.4,DOWN,12,False,2,-1.2000,0.232320,-1.4323
25_11_28_05_00_05_15,DOWN,90,300.1,UP,12,True,99,8.8000,0.232320,8.5677
25_11_28_05_00_05_15,UP,91,649.4,DOWN,11,False,2,-1.1000,0.217827,-1.3178
25_11_28_06_00_06_15,DOWN,90,286.5,UP,12,False,2,-1.2000,0.232320,-1.4323
25_11_28_08_00_08_15,UP,90,477.6,DOWN,12,False,2,-1.2000,0.232320,-1.4323
25_11_28_09_00_09_15,UP,90,615.7,DOWN,11,True,99,8.9000,0.217827,8.6822
25_11_28_10_00_10_15,DOWN,90,429.0,UP,12,False,2,-1.2000,0.232320,-1.4323
25_11_28_11_00_11_15,DOWN,90,371.8,UP,12,False,2,-1.2000,0.232320,-1.4323
25_11_28_12_00_12_15,UP,91,471.0,DOWN,10,False,1,-1.0000,0.202500,-1.2025
25_11_28_14_00_14_15,DOWN,92,767.4,UP,9,False,3,-0.9000,0.186323,-1.0863
25_11_28_15_00_15_15,DOWN,90,575.5,UP,12,True,99,8.8000,0.232320,8.5677
25_11_28_16_00_16_15,DOWN,90,328.7,UP,12,False,2,-1.2000,0.232320,-1.4323
25_11_28_17_00_17_15,UP,90,578.4,DOWN,11,True,99,8.9000,0.217827,8.6822
25_11_28_18_00_18_15,UP,92,705.3,DOWN,9,False,1,-0.9000,0.186323,-1.0863
25_11_28_19_00_19_15,UP,90,726.8,DOWN,11,False,2,-1.1000,0.217827,-1.3178
25_11_28_21_00_21_15,DOWN,94,769.0,UP,12,False,2,-1.2000,0.232320,-1.4323
25_11_28_22_00_22_15,UP,91,764.0,DOWN,12,True,99,8.8000,0.232320,8.5677
25_11_28_22_00_22_15,DOWN,96,796.2,UP,11,False,2,-1.1000,0.217827,-1.3178
25_11_28_23_00_23_15,UP,94,52.0,DOWN,7,True,99,9.3000,0.151357,9.1486
25_11_29_00_00_00_15,UP,90,398.6,DOWN,12,True,99,8.8000,0.232320,8.5677
25_11_29_01_00_01_15,UP,90,484.3,DOWN,11,False,2,-1.1000,0.217827,-1.3178
25_11_29_02_00_02_15,DOWN,90,543.1,UP,12,False,4,-1.2000,0.232320,-1.4323
25_11_29_03_00_03_15,UP,90,592.8,DOWN,11,False,2,-1.1000,0.217827,-1.3178
25_11_29_06_00_06_15,UP,90,708.7,DOWN,10,False,3,-1.0000,0.202500,-1.2025
25_11_29_07_00_07_15,DOWN,90,681.7,UP,12,False,2,-1.2000,0.232320,-1.4323
25_11_29_08_00_08_15,UP,90,619.5,DOWN,11,False,1,-1.1000,0.217827,-1.3178
25_11_29_09_00_09_15,DOWN,90,533.7,UP,12,False,3,-1.2000,0.232320,-1.4323
25_11_29_10_00_10_15,UP,90,698.2,DOWN,12,False,2,-1.2000,0.232320,-1.4323
25_11_29_11_00_11_15,UP,90,734.1,DOWN,11,False,4,-1.1000,0.217827,-1.3178
25_11_29_12_00_12_15,UP,90,456.8,DOWN,11,True,99,8.9000,0.217827,8.6822
25_11_29_16_00_16_15,DOWN,91,511.1,UP,12,False,2,-1.2000,0.232320,-1.4323
25_11_29_18_00_18_15,UP,90,676.3,DOWN,11,True,97,8.9000,0.217827,8.6822
25_11_29_19_00_19_15,UP,90,693.1,DOWN,12,False,2,-1.2000,0.232320,-1.4323
25_11_29_23_00_23_15,DOWN,90,776.0,UP,11,False,2,-1.1000,0.217827,-1.3178
25_11_30_01_00_01_15,UP,93,319.7,DOWN,8,False,1,-0.8000,0.169280,-0.9693
25_11_30_02_00_02_15,UP,90,275.0,DOWN,11,False,2,-1.1000,0.217827,-1.3178
25_11_30_05_00_05_15,DOWN,90,250.3,UP,12,False,3,-1.2000,0.232320,-1.4323
25_11_30_06_00_06_15,UP,90,394.4,DOWN,11,True,99,8.9000,0.217827,8.6822
25_11_30_06_00_06_15,DOWN,90,591.8,UP,11,False,2,-1.1000,0.217827,-1.3178
25_11_30_07_00_07_15,UP,90,694.3,DOWN,11,False,2,-1.1000,0.217827,-1.3178
25_11_30_08_00_08_15,UP,90,650.4,DOWN,12,False,2,-1.2000,0.232320,-1.4323
25_11_30_09_00_09_15,UP,90,567.2,DOWN,11,False,2,-1.1000,0.217827,-1.3178
25_11_30_10_00_10_15,DOWN,90,428.6,UP,12,False,2,-1.2000,0.232320,-1.4323
25_11_30_12_00_12_15,UP,90,432.0,DOWN,11,False,2,-1.1000,0.217827,-1.3178
25_11_30_14_00_14_15,DOWN,90,614.9,UP,12,False,2,-1.2000,0.232320,-1.4323
25_11_30_15_00_15_15,DOWN,90,349.2,UP,12,False,2,-1.2000,0.232320,-1.4323
25_11_30_16_00_16_15,UP,90,803.4,DOWN,11,False,2,-1.1000,0.217827,-1.3178
25_11_30_17_00_17_15,DOWN,90,183.2,UP,12,False,2,-1.2000,0.232320,-1.4323
25_11_30_18_00_18_15,DOWN,90,206.9,UP,11,False,3,-1.1000,0.217827,-1.3178
25_11_30_20_00_20_15,UP,94,414.5,DOWN,9,False,2,-0.9000,0.186323,-1.0863
25_11_30_21_00_21_15,DOWN,91,574.1,UP,11,False,2,-1.1000,0.217827,-1.3178
25_11_30_22_00_22_15,UP,90,364.9,DOWN,11,False,1,-1.1000,0.217827,-1.3178
25_11_30_23_00_23_15,DOWN,90,252.6,UP,11,False,2,-1.1000,0.217827,-1.3178
25_12_01_01_00_01_15,UP,90,189.9,DOWN,12,False,2,-1.2000,0.232320,-1.4323
25_12_01_02_00_02_15,UP,90,330.4,DOWN,11,False,1,-1.1000,0.217827,-1.3178
25_12_01_03_00_03_15,DOWN,90,496.8,UP,12,False,2,-1.2000,0.232320,-1.4323
25_12_01_04_00_04_15,DOWN,90,599.4,UP,12,False,2,-1.2000,0.232320,-1.4323
25_12_01_06_00_06_15,UP,90,536.7,DOWN,12,False,2,-1.2000,0.232320,-1.4323
25_12_01_07_00_07_15,DOWN,93,540.1,UP,9,False,2,-0.9000,0.186323,-1.0863
25_12_01_08_00_08_15,DOWN,90,709.9,UP,12,False,4,-1.2000,0.232320,-1.4323
25_12_01_11_00_11_15,DOWN,90,337.7,UP,12,False,2,-1.2000,0.232320,-1.4323
25_12_01_12_00_12_15,DOWN,90,488.6,UP,11,False,2,-1.1000,0.217827,-1.3178
25_12_01_13_00_13_15,UP,90,141.5,DOWN,11,False,2,-1.1000,0.217827,-1.3178
25_12_01_14_00_14_15,UP,90,255.8,DOWN,12,False,1,-1.2000,0.232320,-1.4323
25_12_01_15_00_15_15,DOWN,90,560.8,UP,12,False,2,-1.2000,0.232320,-1.4323
25_12_01_16_00_16_15,DOWN,90,410.1,UP,11,False,2,-1.1000,0.217827,-1.3178
25_12_01_17_00_17_15,UP,90,412.1,DOWN,12,False,4,-1.2000,0.232320,-1.4323
25_12_01_18_00_18_15,UP,90,666.7,DOWN,10,False,1,-1.0000,0.202500,-1.2025
25_12_01_19_00_19_15,DOWN,90,438.5,UP,12,False,3,-1.2000,0.232320,-1.4323
25_12_01_20_00_20_15,UP,90,115.9,DOWN,11,False,2,-1.1000,0.217827,-1.3178
25_12_01_21_00_21_15,UP,90,414.1,DOWN,11,False,1,-1.1000,0.217827,-1.3178
25_12_01_22_00_22_15,UP,90,312.9,DOWN,12,False,1,-1.2000,0.232320,-1.4323
25_12_02_00_00_00_15,UP,90,425.1,DOWN,12,False,2,-1.2000,0.232320,-1.4323
25_12_02_01_00_01_15,UP,90,296.0,DOWN,11,False,2,-1.1000,0.217827,-1.3178
25_12_02_04_00_04_15,UP,90,737.1,DOWN,11,False,1,-1.1000,0.217827,-1.3178
25_12_02_05_00_05_15,DOWN,90,371.1,UP,11,True,99,8.9000,0.217827,8.6822
25_12_02_05_00_05_15,UP,92,733.3,DOWN,12,False,2,-1.2000,0.232320,-1.4323
25_12_02_06_00_06_15,DOWN,90,572.4,UP,11,False,2,-1.1000,0.217827,-1.3178
25_12_02_07_00_07_15,DOWN,90,362.9,UP,12,False,3,-1.2000,0.232320,-1.4323
25_12_02_08_00_08_15,DOWN,90,509.8,UP,11,False,2,-1.1000,0.217827,-1.3178
25_12_02_09_00_09_15,UP,90,333.1,DOWN,11,False,2,-1.1000,0.217827,-1.3178
25_12_02_10_00_10_15,UP,90,363.3,DOWN,12,False,2,-1.2000,0.232320,-1.4323
25_12_02_12_00_12_15,UP,90,447.7,DOWN,12,False,1,-1.2000,0.232320,-1.4323
25_12_02_13_00_13_15,DOWN,90,496.6,UP,12,False,2,-1.2000,0.232320,-1.4323
25_12_02_14_00_14_15,UP,90,473.6,DOWN,11,False,2,-1.1000,0.217827,-1.3178
25_12_02_15_00_15_15,UP,90,194.5,DOWN,11,False,2,-1.1000,0.217827,-1.3178
25_12_02_16_00_16_15,UP,90,535.0,DOWN,11,False,1,-1.1000,0.217827,-1.3178
25_12_02_17_00_17_15,UP,92,305.6,DOWN,8,False,2,-0.8000,0.169280,-0.9693
25_12_02_18_00_18_15,UP,90,423.4,DOWN,12,False,2,-1.2000,0.232320,-1.4323
25_12_02_19_00_19_15,UP,90,323.7,DOWN,12,False,1,-1.2000,0.232320,-1.4323
25_12_02_20_00_20_15,DOWN,90,302.8,UP,11,False,2,-1.1000,0.217827,-1.3178
25_12_02_21_00_21_15,UP,90,443.0,DOWN,11,False,2,-1.1000,0.217827,-1.3178
25_12_02_22_00_22_15,UP,90,201.4,DOWN,11,False,1,-1.1000,0.217827,-1.3178
25_12_02_23_00_23_15,DOWN,90,447.3,UP,12,False,2,-1.2000,0.232320,-1.4323
25_12_03_00_00_00_15,UP,90,579.6,DOWN,11,False,1,-1.1000,0.217827,-1.3178
25_12_03_01_00_01_15,UP,90,706.8,DOWN,11,False,2,-1.1000,0.217827,-1.3178
25_12_03_02_00_02_15,UP,90,270.8,DOWN,11,False,1,-1.1000,0.217827,-1.3178
25_12_03_03_00_03_15,DOWN,90,477.6,UP,11,False,2,-1.1000,0.217827,-1.3178
25_12_03_04_00_04_15,UP,90,515.0,DOWN,11,False,2,-1.1000,0.217827,-1.3178
25_12_03_06_00_06_15,UP,90,525.7,DOWN,11,False,1,-1.1000,0.217827,-1.3178
25_12_03_07_00_07_15,DOWN,90,511.7,UP,11,False,2,-1.1000,0.217827,-1.3178
25_12_03_08_00_08_15,UP,90,355.9,DOWN,11,True,99,8.9000,0.217827,8.6822
25_12_03_09_00_09_15,UP,90,742.6,DOWN,11,False,2,-1.1000,0.217827,-1.3178
25_12_03_11_00_11_15,DOWN,90,647.7,UP,11,False,2,-1.1000,0.217827,-1.3178
25_12_03_13_00_13_15,UP,90,725.8,DOWN,11,False,15,-1.1000,0.217827,-1.3178
25_12_03_14_00_14_15,DOWN,90,99.5,UP,12,False,2,-1.2000,0.232320,-1.4323
25_12_03_15_00_15_15,UP,90,241.8,DOWN,12,True,99,8.8000,0.232320,8.5677
25_12_03_15_00_15_15,DOWN,92,857.4,UP,11,False,2,-1.1000,0.217827,-1.3178
25_12_03_16_00_16_15,DOWN,90,430.6,UP,12,False,2,-1.2000,0.232320,-1.4323
25_12_03_17_00_17_15,UP,90,672.5,DOWN,11,False,2,-1.1000,0.217827,-1.3178
25_12_03_18_00_18_15,UP,90,570.7,DOWN,11,False,2,-1.1000,0.217827,-1.3178
25_12_03_19_00_19_15,UP,90,493.9,DOWN,11,False,1,-1.1000,0.217827,-1.3178
25_12_03_20_00_20_15,DOWN,90,785.6,UP,12,False,2,-1.2000,0.232320,-1.4323
25_12_03_21_00_21_15,UP,90,680.3,DOWN,11,False,2,-1.1000,0.217827,-1.3178
25_12_03_22_00_22_15,DOWN,90,574.5,UP,12,False,2,-1.2000,0.232320,-1.4323
25_12_03_23_00_23_15,UP,90,421.6,DOWN,11,True,98,8.9000,0.217827,8.6822
25_12_03_23_00_23_15,DOWN,92,824.0,UP,12,False,6,-1.2000,0.232320,-1.4323
25_12_04_00_00_00_15,DOWN,90,572.6,UP,11,False,2,-1.1000,0.217827,-1.3178
25_12_04_01_00_01_15,UP,90,353.4,DOWN,11,False,2,-1.1000,0.217827,-1.3178
25_12_04_02_00_02_15,UP,90,350.7,DOWN,11,False,2,-1.1000,0.217827,-1.3178
25_12_04_03_00_03_15,DOWN,90,728.7,UP,12,False,4,-1.2000,0.232320,-1.4323
25_12_04_05_00_05_15,DOWN,90,421.0,UP,12,False,2,-1.2000,0.232320,-1.4323
25_12_04_06_00_06_15,UP,90,685.9,DOWN,11,False,2,-1.1000,0.217827,-1.3178
25_12_04_07_00_07_15,DOWN,91,595.2,UP,11,False,2,-1.1000,0.217827,-1.3178
25_12_04_08_00_08_15,UP,90,261.8,DOWN,11,True,99,8.9000,0.217827,8.6822
25_12_04_08_00_08_15,DOWN,90,589.5,UP,12,False,2,-1.2000,0.232320,-1.4323
25_12_04_09_00_09_15,UP,90,366.6,DOWN,11,False,2,-1.1000,0.217827,-1.3178
25_12_04_12_00_12_15,UP,90,817.3,DOWN,11,False,1,-1.1000,0.217827,-1.3178
25_12_04_14_00_14_15,UP,90,549.7,DOWN,11,False,1,-1.1000,0.217827,-1.3178
25_12_04_15_00_15_15,UP,90,319.2,DOWN,12,False,2,-1.2000,0.232320,-1.4323
25_12_04_16_00_16_15,DOWN,91,218.6,UP,11,False,2,-1.1000,0.217827,-1.3178
25_12_04_17_00_17_15,DOWN,90,437.9,UP,11,False,2,-1.1000,0.217827,-1.3178
25_12_04_20_00_20_15,DOWN,90,482.3,UP,11,True,99,8.9000,0.217827,8.6822
25_12_04_20_00_20_15,UP,91,795.7,DOWN,10,False,2,-1.0000,0.202500,-1.2025
25_12_05_00_00_00_15,UP,90,241.6,DOWN,12,False,9,-1.2000,0.232320,-1.4323
25_12_05_01_00_01_15,UP,90,371.8,DOWN,11,False,2,-1.1000,0.217827,-1.3178
25_12_05_03_00_03_15,UP,90,516.3,DOWN,11,False,1,-1.1000,0.217827,-1.3178
25_12_05_04_00_04_15,UP,90,337.1,DOWN,12,False,7,-1.2000,0.232320,-1.4323
25_12_05_05_00_05_15,UP,90,323.8,DOWN,11,False,2,-1.1000,0.217827,-1.3178
25_12_05_06_00_06_15,UP,90,405.4,DOWN,11,False,1,-1.1000,0.217827,-1.3178
25_12_05_07_00_07_15,UP,90,492.2,DOWN,11,False,3,-1.1000,0.217827,-1.3178
25_12_05_08_00_08_15,DOWN,90,283.2,UP,12,False,3,-1.2000,0.232320,-1.4323
25_12_05_10_00_10_15,UP,90,380.2,DOWN,11,False,2,-1.1000,0.217827,-1.3178
25_12_05_11_00_11_15,UP,90,400.1,DOWN,11,False,2,-1.1000,0.217827,-1.3178
25_12_05_13_00_13_15,DOWN,90,409.3,UP,11,False,2,-1.1000,0.217827,-1.3178
25_12_05_13_00_13_15,UP,90,714.2,DOWN,11,True,99,8.9000,0.217827,8.6822
25_12_05_14_00_14_15,UP,90,510.8,DOWN,11,False,2,-1.1000,0.217827,-1.3178
25_12_05_15_00_15_15,UP,90,155.7,DOWN,12,False,2,-1.2000,0.232320,-1.4323
25_12_05_16_00_16_15,DOWN,90,304.1,UP,12,False,2,-1.2000,0.232320,-1.4323
25_12_05_17_00_17_15,DOWN,90,721.7,UP,12,False,2,-1.2000,0.232320,-1.4323
25_12_05_18_00_18_15,UP,90,433.9,DOWN,12,False,1,-1.2000,0.232320,-1.4323
25_12_05_19_00_19_15,UP,90,652.6,DOWN,10,False,2,-1.0000,0.202500,-1.2025
25_12_05_20_00_20_15,DOWN,90,482.2,UP,11,False,2,-1.1000,0.217827,-1.3178
25_12_05_21_00_21_15,UP,91,656.1,DOWN,10,False,2,-1.0000,0.202500,-1.2025
25_12_05_22_00_22_15,DOWN,91,670.2,UP,11,False,2,-1.1000,0.217827,-1.3178
25_12_05_23_00_23_15,DOWN,90,187.8,UP,11,False,2,-1.1000,0.217827,-1.3178
25_12_06_00_00_00_15,DOWN,90,120.8,UP,12,False,2,-1.2000,0.232320,-1.4323
25_12_06_01_00_01_15,DOWN,90,346.1,UP,12,False,2,-1.2000,0.232320,-1.4323
25_12_06_02_00_02_15,DOWN,90,328.8,UP,12,False,15,-1.2000,0.232320,-1.4323
25_12_06_03_00_03_15,UP,90,247.5,DOWN,11,False,1,-1.1000,0.217827,-1.3178
25_12_06_04_00_04_15,DOWN,90,651.8,UP,12,False,2,-1.2000,0.232320,-1.4323
25_12_06_05_00_05_15,UP,90,569.6,DOWN,11,False,1,-1.1000,0.217827,-1.3178
25_12_06_06_00_06_15,UP,90,717.2,DOWN,11,False,2,-1.1000,0.217827,-1.3178
25_12_06_09_00_09_15,UP,90,473.3,DOWN,11,False,1,-1.1000,0.217827,-1.3178
25_12_06_11_00_11_15,UP,90,675.9,DOWN,12,False,2,-1.2000,0.232320,-1.4323
25_12_06_12_00_12_15,DOWN,90,654.1,UP,11,False,2,-1.1000,0.217827,-1.3178
25_12_06_13_00_13_15,UP,90,796.0,DOWN,11,False,3,-1.1000,0.217827,-1.3178
25_12_06_14_00_14_15,UP,90,693.2,DOWN,12,False,2,-1.2000,0.232320,-1.4323
25_12_06_15_00_15_15,DOWN,90,379.8,UP,11,False,2,-1.1000,0.217827,-1.3178
25_12_06_16_00_16_15,UP,90,226.5,DOWN,11,False,2,-1.1000,0.217827,-1.3178
25_12_06_18_00_18_15,DOWN,90,542.3,UP,12,True,99,8.8000,0.232320,8.5677
25_12_06_18_00_18_15,UP,92,844.0,DOWN,9,False,2,-0.9000,0.186323,-1.0863
25_12_06_19_00_19_15,UP,90,454.8,DOWN,12,True,99,8.8000,0.232320,8.5677
25_12_06_21_00_21_15,DOWN,90,620.4,UP,11,False,2,-1.1000,0.217827,-1.3178
25_12_06_22_00_22_15,DOWN,91,561.4,UP,10,False,2,-1.0000,0.202500,-1.2025
25_12_06_23_00_23_15,DOWN,95,206.5,UP,7,False,2,-0.7000,0.151357,-0.8514
25_12_07_00_00_00_15,UP,90,326.6,DOWN,11,True,99,8.9000,0.217827,8.6822
25_12_07_00_00_00_15,DOWN,90,827.4,UP,12,False,2,-1.2000,0.232320,-1.4323
25_12_07_01_00_01_15,UP,91,602.0,DOWN,10,False,1,-1.0000,0.202500,-1.2025
25_12_07_02_00_02_15,UP,90,276.7,DOWN,11,False,4,-1.1000,0.217827,-1.3178
25_12_07_03_00_03_15,DOWN,90,436.2,UP,11,False,2,-1.1000,0.217827,-1.3178
25_12_07_04_00_04_15,UP,91,515.1,DOWN,10,True,99,9.0000,0.202500,8.7975
25_12_07_04_00_04_15,DOWN,92,695.2,UP,11,False,2,-1.1000,0.217827,-1.3178
25_12_07_06_00_06_15,UP,90,495.6,DOWN,12,False,3,-1.2000,0.232320,-1.4323
25_12_07_07_00_07_15,DOWN,91,255.9,UP,12,False,2,-1.2000,0.232320,-1.4323
25_12_07_08_00_08_15,DOWN,90,300.8,UP,12,False,2,-1.2000,0.232320,-1.4323
25_12_07_10_00_10_15,UP,90,610.5,DOWN,11,False,2,-1.1000,0.217827,-1.3178
25_12_07_12_00_12_15,UP,90,465.6,DOWN,11,False,2,-1.1000,0.217827,-1.3178
25_12_07_13_00_13_15,DOWN,90,630.6,UP,11,False,2,-1.1000,0.217827,-1.3178
25_12_07_14_00_14_15,DOWN,90,600.8,UP,11,False,2,-1.1000,0.217827,-1.3178
25_12_07_15_00_15_15,UP,93,435.8,DOWN,8,False,1,-0.8000,0.169280,-0.9693
25_12_07_16_00_16_15,DOWN,90,542.3,UP,12,False,2,-1.2000,0.232320,-1.4323
25_12_07_17_00_17_15,DOWN,90,378.9,UP,11,False,21,-1.1000,0.217827,-1.3178
25_12_07_18_00_18_15,UP,90,220.5,DOWN,11,False,2,-1.1000,0.217827,-1.3178
25_12_07_19_00_19_15,UP,90,724.6,DOWN,11,False,1,-1.1000,0.217827,-1.3178
25_12_07_20_00_20_15,DOWN,90,515.0,UP,11,False,2,-1.1000,0.217827,-1.3178
25_12_07_21_00_21_15,DOWN,90,360.8,UP,12,False,2,-1.2000,0.232320,-1.4323
25_12_07_22_00_22_15,DOWN,90,295.7,UP,12,False,2,-1.2000,0.232320,-1.4323
25_12_08_00_00_00_15,DOWN,90,405.0,UP,12,False,2,-1.2000,0.232320,-1.4323
25_12_08_01_00_01_15,UP,90,378.2,DOWN,12,False,1,-1.2000,0.232320,-1.4323
25_12_08_02_00_02_15,UP,90,687.0,DOWN,12,False,2,-1.2000,0.232320,-1.4323
25_12_08_03_00_03_15,DOWN,90,540.4,UP,12,False,2,-1.2000,0.232320,-1.4323
25_12_08_04_00_04_15,UP,90,618.3,DOWN,12,False,1,-1.2000,0.232320,-1.4323
25_12_08_05_00_05_15,DOWN,90,149.8,UP,12,False,2,-1.2000,0.232320,-1.4323
25_12_08_06_00_06_15,UP,90,613.7,DOWN,11,False,2,-1.1000,0.217827,-1.3178
25_12_08_07_00_07_15,DOWN,90,704.5,UP,11,False,2,-1.1000,0.217827,-1.3178
25_12_08_09_00_09_15,UP,90,320.5,DOWN,12,False,2,-1.2000,0.232320,-1.4323
25_12_08_12_00_12_15,DOWN,90,447.3,UP,12,False,2,-1.2000,0.232320,-1.4323
25_12_08_13_00_13_15,UP,90,384.1,DOWN,11,False,2,-1.1000,0.217827,-1.3178
25_12_08_15_00_15_15,DOWN,90,542.2,UP,12,False,2,-1.2000,0.232320,-1.4323
25_12_08_16_00_16_15,UP,90,807.3,DOWN,11,True,97,8.9000,0.217827,8.6822
25_12_08_17_00_17_15,UP,90,457.0,DOWN,11,False,2,-1.1000,0.217827,-1.3178
25_12_08_18_00_18_15,UP,90,524.9,DOWN,11,False,2,-1.1000,0.217827,-1.3178
25_12_08_19_00_19_15,UP,90,403.9,DOWN,11,False,1,-1.1000,0.217827,-1.3178
25_12_08_20_00_20_15,UP,90,390.3,DOWN,12,False,2,-1.2000,0.232320,-1.4323
25_12_08_22_00_22_15,DOWN,91,540.4,UP,12,False,2,-1.2000,0.232320,-1.4323
25_12_08_23_00_23_15,UP,90,316.7,DOWN,11,True,99,8.9000,0.217827,8.6822
25_12_09_00_00_00_15,UP,90,626.8,DOWN,12,False,2,-1.2000,0.232320,-1.4323
25_12_09_01_00_01_15,UP,93,845.8,DOWN,8,False,1,-0.8000,0.169280,-0.9693
25_12_09_02_00_02_15,UP,90,272.7,DOWN,11,False,1,-1.1000,0.217827,-1.3178
25_12_09_04_00_04_15,UP,90,610.5,DOWN,11,False,1,-1.1000,0.217827,-1.3178
25_12_09_06_00_06_15,UP,90,325.0,DOWN,11,False,2,-1.1000,0.217827,-1.3178
25_12_09_07_00_07_15,DOWN,90,865.8,UP,11,False,2,-1.1000,0.217827,-1.3178
25_12_09_08_00_08_15,UP,90,686.9,DOWN,12,False,2,-1.2000,0.232320,-1.4323
25_12_09_10_00_10_15,DOWN,90,596.0,UP,12,True,98,8.8000,0.232320,8.5677
25_12_09_10_00_10_15,UP,91,768.2,DOWN,10,False,3,-1.0000,0.202500,-1.2025
25_12_09_12_00_12_15,DOWN,91,819.7,UP,11,False,2,-1.1000,0.217827,-1.3178
25_12_09_13_00_13_15,DOWN,90,564.8,UP,12,False,3,-1.2000,0.232320,-1.4323
25_12_09_15_00_15_15,UP,90,123.2,DOWN,11,False,2,-1.1000,0.217827,-1.3178
25_12_09_16_00_16_15,UP,90,324.0,DOWN,11,False,2,-1.1000,0.217827,-1.3178
25_12_09_17_00_17_15,UP,90,326.7,DOWN,11,False,2,-1.1000,0.217827,-1.3178
25_12_09_18_00_18_15,DOWN,90,491.0,UP,11,True,99,8.9000,0.217827,8.6822
25_12_09_18_00_18_15,UP,90,840.5,DOWN,11,False,12,-1.1000,0.217827,-1.3178
25_12_09_19_00_19_15,DOWN,90,547.1,UP,12,True,99,8.8000,0.232320,8.5677
25_12_09_20_00_20_15,DOWN,90,436.6,UP,12,False,2,-1.2000,0.232320,-1.4323
25_12_09_21_00_21_15,DOWN,94,843.7,UP,7,False,5,-0.7000,0.151357,-0.8514
25_12_09_22_00_22_15,UP,90,639.0,DOWN,11,False,60,-1.1000,0.217827,-1.3178
25_12_09_23_00_23_15,DOWN,90,359.3,UP,11,False,2,-1.1000,0.217827,-1.3178
25_12_10_00_00_00_15,UP,90,713.4,DOWN,11,False,3,-1.1000,0.217827,-1.3178
25_12_10_01_00_01_15,UP,90,395.1,DOWN,12,False,2,-1.2000,0.232320,-1.4323
25_12_10_02_00_02_15,DOWN,90,189.5,UP,12,False,2,-1.2000,0.232320,-1.4323
25_12_10_03_00_03_15,DOWN,90,544.4,UP,12,False,2,-1.2000,0.232320,-1.4323
25_12_10_04_00_04_15,UP,90,677.4,DOWN,11,False,2,-1.1000,0.217827,-1.3178
25_12_10_05_00_05_15,UP,90,816.6,DOWN,12,False,2,-1.2000,0.232320,-1.4323
25_12_10_06_00_06_15,DOWN,90,250.7,UP,11,True,99,8.9000,0.217827,8.6822
25_12_10_06_00_06_15,UP,90,817.9,DOWN,12,False,2,-1.2000,0.232320,-1.4323
25_12_10_07_00_07_15,DOWN,90,519.4,UP,12,False,2,-1.2000,0.232320,-1.4323
25_12_10_08_00_08_15,DOWN,90,632.0,UP,12,False,2,-1.2000,0.232320,-1.4323
25_12_10_09_00_09_15,UP,90,712.3,DOWN,11,False,80,-1.1000,0.217827,-1.3178
25_12_10_10_00_10_15,UP,91,231.7,DOWN,11,False,2,-1.1000,0.217827,-1.3178
25_12_10_11_00_11_15,UP,90,568.7,DOWN,11,False,2,-1.1000,0.217827,-1.3178
25_12_10_12_00_12_15,DOWN,90,732.3,UP,12,False,4,-1.2000,0.232320,-1.4323
25_12_10_13_00_13_15,UP,90,768.4,DOWN,12,False,2,-1.2000,0.232320,-1.4323
25_12_10_14_00_14_15,DOWN,90,676.5,UP,12,False,2,-1.2000,0.232320,-1.4323
25_12_10_15_00_15_15,UP,90,365.1,DOWN,11,False,2,-1.1000,0.217827,-1.3178
25_12_10_16_00_16_15,UP,90,716.9,DOWN,12,False,2,-1.2000,0.232320,-1.4323
25_12_10_17_00_17_15,UP,90,821.4,DOWN,11,False,4,-1.1000,0.217827,-1.3178
25_12_10_20_00_20_15,UP,90,525.8,DOWN,11,False,2,-1.1000,0.217827,-1.3178
25_12_10_21_00_21_15,DOWN,90,411.5,UP,12,False,2,-1.2000,0.232320,-1.4323
25_12_10_22_00_22_15,UP,90,491.2,DOWN,11,True,99,8.9000,0.217827,8.6822
25_12_10_22_00_22_15,DOWN,90,808.6,UP,12,False,2,-1.2000,0.232320,-1.4323
25_12_10_23_00_23_15,DOWN,90,535.4,UP,11,False,2,-1.1000,0.217827,-1.3178
25_12_11_01_00_01_15,DOWN,90,565.1,UP,12,False,2,-1.2000,0.232320,-1.4323
25_12_11_02_00_02_15,DOWN,90,423.5,UP,12,False,2,-1.2000,0.232320,-1.4323
25_12_11_03_00_03_15,DOWN,90,447.4,UP,11,False,3,-1.1000,0.217827,-1.3178
25_12_11_04_00_04_15,UP,90,663.7,DOWN,11,False,2,-1.1000,0.217827,-1.3178
25_12_11_06_00_06_15,DOWN,90,664.0,UP,12,False,2,-1.2000,0.232320,-1.4323
25_12_11_07_00_07_15,DOWN,90,557.1,UP,12,False,3,-1.2000,0.232320,-1.4323
25_12_11_08_00_08_15,DOWN,90,558.4,UP,12,False,3,-1.2000,0.232320,-1.4323
25_12_11_09_00_09_15,UP,90,691.4,DOWN,11,False,2,-1.1000,0.217827,-1.3178
25_12_11_10_00_10_15,UP,90,785.0,DOWN,11,False,2,-1.1000,0.217827,-1.3178
25_12_11_11_00_11_15,UP,90,452.1,DOWN,11,False,2,-1.1000,0.217827,-1.3178
25_12_11_12_00_12_15,DOWN,90,608.1,UP,12,False,2,-1.2000,0.232320,-1.4323
25_12_11_13_00_13_15,UP,90,848.0,DOWN,11,False,2,-1.1000,0.217827,-1.3178
25_12_11_14_00_14_15,UP,90,823.4,DOWN,12,False,2,-1.2000,0.232320,-1.4323
25_12_11_15_00_15_15,UP,90,369.7,DOWN,11,False,1,-1.1000,0.217827,-1.3178
25_12_11_16_00_16_15,DOWN,90,343.2,UP,12,False,3,-1.2000,0.232320,-1.4323
25_12_11_17_00_17_15,UP,90,628.7,DOWN,11,False,1,-1.1000,0.217827,-1.3178
25_12_11_19_00_19_15,UP,90,862.4,DOWN,11,False,1,-1.1000,0.217827,-1.3178
25_12_11_20_00_20_15,UP,90,248.8,DOWN,11,False,2,-1.1000,0.217827,-1.3178
25_12_11_21_00_21_15,UP,91,463.2,DOWN,11,False,2,-1.1000,0.217827,-1.3178
25_12_11_22_00_22_15,UP,90,773.0,DOWN,12,False,2,-1.2000,0.232320,-1.4323
25_12_11_23_00_23_15,UP,90,695.5,DOWN,12,False,3,-1.2000,0.232320,-1.4323
25_12_12_00_00_00_15,DOWN,90,727.5,UP,12,False,2,-1.2000,0.232320,-1.4323
25_12_12_01_00_01_15,UP,90,557.9,DOWN,11,False,2,-1.1000,0.217827,-1.3178
25_12_12_02_00_02_15,DOWN,90,180.4,UP,12,True,99,8.8000,0.232320,8.5677
25_12_12_03_00_03_15,DOWN,93,714.7,UP,8,False,2,-0.8000,0.169280,-0.9693
25_12_12_04_00_04_15,DOWN,90,771.9,UP,12,False,2,-1.2000,0.232320,-1.4323
25_12_12_05_00_05_15,DOWN,90,627.8,UP,11,False,2,-1.1000,0.217827,-1.3178
25_12_12_07_00_07_15,UP,90,745.7,DOWN,11,False,2,-1.1000,0.217827,-1.3178
25_12_12_09_00_09_15,DOWN,90,573.3,UP,12,True,99,8.8000,0.232320,8.5677
25_12_12_09_00_09_15,UP,90,832.0,DOWN,11,False,2,-1.1000,0.217827,-1.3178
25_12_12_10_00_10_15,UP,90,604.0,DOWN,11,False,6,-1.1000,0.217827,-1.3178
25_12_12_11_00_11_15,DOWN,90,496.6,UP,12,False,3,-1.2000,0.232320,-1.4323
25_12_12_12_00_12_15,DOWN,90,389.6,UP,11,False,2,-1.1000,0.217827,-1.3178
25_12_12_14_00_14_15,DOWN,90,577.2,UP,12,False,2,-1.2000,0.232320,-1.4323
25_12_12_15_00_15_15,DOWN,90,347.2,UP,11,False,2,-1.1000,0.217827,-1.3178
25_12_12_16_00_16_15,UP,90,854.7,DOWN,10,False,1,-1.0000,0.202500,-1.2025
25_12_12_18_00_18_15,UP,94,721.3,DOWN,7,False,1,-0.7000,0.151357,-0.8514
25_12_12_19_00_19_15,DOWN,90,198.6,UP,12,False,3,-1.2000,0.232320,-1.4323
25_12_12_22_00_22_15,UP,90,634.4,DOWN,12,False,1,-1.2000,0.232320,-1.4323
25_12_12_23_00_23_15,UP,90,782.6,DOWN,12,False,2,-1.2000,0.232320,-1.4323
25_12_13_00_00_00_15,UP,90,287.0,DOWN,11,False,2,-1.1000,0.217827,-1.3178
25_12_13_02_00_02_15,UP,90,340.4,DOWN,12,False,2,-1.2000,0.232320,-1.4323
25_12_13_03_00_03_15,UP,90,607.3,DOWN,12,False,2,-1.2000,0.232320,-1.4323
25_12_13_06_00_06_15,DOWN,90,601.3,UP,11,False,2,-1.1000,0.217827,-1.3178
25_12_13_07_00_07_15,DOWN,91,858.1,UP,12,False,2,-1.2000,0.232320,-1.4323
25_12_13_08_00_08_15,UP,90,868.5,DOWN,11,False,2,-1.1000,0.217827,-1.3178
25_12_13_09_00_09_15,UP,90,722.5,DOWN,12,False,1,-1.2000,0.232320,-1.4323
25_12_13_10_00_10_15,UP,90,275.1,DOWN,12,False,1,-1.2000,0.232320,-1.4323
25_12_13_11_00_11_15,DOWN,90,478.4,UP,12,False,2,-1.2000,0.232320,-1.4323
25_12_13_12_00_12_15,UP,90,420.3,DOWN,12,False,2,-1.2000,0.232320,-1.4323
25_12_13_13_00_13_15,UP,90,365.1,DOWN,12,True,99,8.8000,0.232320,8.5677
25_12_13_14_00_14_15,UP,90,826.2,DOWN,12,False,2,-1.2000,0.232320,-1.4323
25_12_13_15_00_15_15,UP,91,283.4,DOWN,12,False,2,-1.2000,0.232320,-1.4323
25_12_13_16_00_16_15,UP,90,205.8,DOWN,11,False,2,-1.1000,0.217827,-1.3178
25_12_13_17_00_17_15,DOWN,90,363.9,UP,12,False,2,-1.2000,0.232320,-1.4323
25_12_13_18_00_18_15,UP,90,507.3,DOWN,12,False,2,-1.2000,0.232320,-1.4323
25_12_13_22_00_22_15,DOWN,90,774.1,UP,12,False,2,-1.2000,0.232320,-1.4323
25_12_13_23_00_23_15,UP,90,699.5,DOWN,10,False,1,-1.0000,0.202500,-1.2025
25_12_14_01_00_01_15,UP,90,764.9,DOWN,12,False,1,-1.2000,0.232320,-1.4323
25_12_14_02_00_02_15,UP,90,390.5,DOWN,12,False,3,-1.2000,0.232320,-1.4323
25_12_14_04_00_04_15,UP,90,715.6,DOWN,11,False,2,-1.1000,0.217827,-1.3178
25_12_14_05_00_05_15,DOWN,90,469.9,UP,12,False,2,-1.2000,0.232320,-1.4323
25_12_14_08_00_08_15,DOWN,90,779.0,UP,11,False,3,-1.1000,0.217827,-1.3178
25_12_14_09_00_09_15,DOWN,93,745.3,UP,9,False,46,-0.9000,0.186323,-1.0863
25_12_14_11_00_11_15,DOWN,93,199.4,UP,10,False,2,-1.0000,0.202500,-1.2025
25_12_14_12_00_12_15,DOWN,90,204.9,UP,12,False,9,-1.2000,0.232320,-1.4323
25_12_14_12_00_12_15,UP,90,749.6,DOWN,12,True,99,8.8000,0.232320,8.5677
25_12_14_14_00_14_15,DOWN,90,574.9,UP,12,False,2,-1.2000,0.232320,-1.4323
25_12_14_15_00_15_15,DOWN,90,574.4,UP,11,False,2,-1.1000,0.217827,-1.3178
25_12_14_17_00_17_15,UP,90,514.7,DOWN,11,True,99,8.9000,0.217827,8.6822
25_12_14_18_00_18_15,UP,90,588.1,DOWN,11,False,2,-1.1000,0.217827,-1.3178
25_12_14_19_00_19_15,DOWN,90,258.2,UP,11,False,2,-1.1000,0.217827,-1.3178
25_12_14_21_00_21_15,DOWN,90,593.8,UP,12,False,2,-1.2000,0.232320,-1.4323
25_12_14_23_00_23_15,DOWN,90,367.7,UP,12,False,2,-1.2000,0.232320,-1.4323
25_12_15_00_00_00_15,UP,90,115.4,DOWN,11,False,43,-1.1000,0.217827,-1.3178
25_12_15_01_00_01_15,UP,90,674.9,DOWN,11,False,2,-1.1000,0.217827,-1.3178
25_12_15_02_00_02_15,UP,90,298.3,DOWN,11,False,1,-1.1000,0.217827,-1.3178
25_12_15_04_00_04_15,UP,90,250.3,DOWN,11,False,2,-1.1000,0.217827,-1.3178
25_12_15_06_00_06_15,DOWN,91,543.1,UP,11,False,2,-1.1000,0.217827,-1.3178
25_12_15_07_00_07_15,DOWN,90,387.1,UP,12,False,2,-1.2000,0.232320,-1.4323
25_12_15_08_00_08_15,DOWN,90,764.8,UP,11,False,2,-1.1000,0.217827,-1.3178
25_12_15_09_00_09_15,UP,90,246.9,DOWN,11,False,2,-1.1000,0.217827,-1.3178
25_12_15_11_00_11_15,DOWN,90,807.4,UP,12,False,2,-1.2000,0.232320,-1.4323
25_12_15_13_00_13_15,DOWN,90,320.1,UP,12,False,2,-1.2000,0.232320,-1.4323
25_12_15_14_00_14_15,UP,90,386.1,DOWN,11,False,1,-1.1000,0.217827,-1.3178
25_12_15_15_00_15_15,DOWN,90,632.3,UP,12,False,2,-1.2000,0.232320,-1.4323
25_12_15_18_00_18_15,UP,90,634.3,DOWN,11,False,1,-1.1000,0.217827,-1.3178
25_12_15_19_00_19_15,UP,90,502.3,DOWN,11,True,99,8.9000,0.217827,8.6822
25_12_15_19_00_19_15,DOWN,91,782.1,UP,11,False,2,-1.1000,0.217827,-1.3178
25_12_15_21_00_21_15,DOWN,90,438.4,UP,12,False,2,-1.2000,0.232320,-1.4323
25_12_15_22_00_22_15,DOWN,90,149.2,UP,11,False,2,-1.1000,0.217827,-1.3178
25_12_15_23_00_23_15,UP,90,533.1,DOWN,12,False,2,-1.2000,0.232320,-1.4323
25_12_16_00_00_00_15,DOWN,90,685.4,UP,11,False,2,-1.1000,0.217827,-1.3178
25_12_16_01_00_01_15,UP,90,360.3,DOWN,11,False,1,-1.1000,0.217827,-1.3178
25_12_16_02_00_02_15,UP,90,625.5,DOWN,11,False,2,-1.1000,0.217827,-1.3178
25_12_16_03_00_03_15,DOWN,90,573.1,UP,12,False,3,-1.2000,0.232320,-1.4323
25_12_16_04_00_04_15,DOWN,90,601.5,UP,11,False,2,-1.1000,0.217827,-1.3178
25_12_16_05_00_05_15,UP,90,602.5,DOWN,12,False,1,-1.2000,0.232320,-1.4323
25_12_16_06_00_06_15,UP,91,322.1,DOWN,12,False,2,-1.2000,0.232320,-1.4323
25_12_16_07_00_07_15,DOWN,93,770.9,UP,10,False,2,-1.0000,0.202500,-1.2025
25_12_16_08_00_08_15,UP,90,383.1,DOWN,12,False,2,-1.2000,0.232320,-1.4323
25_12_16_09_00_09_15,UP,91,661.1,DOWN,10,False,2,-1.0000,0.202500,-1.2025
25_12_16_10_00_10_15,UP,91,763.9,DOWN,11,False,7,-1.1000,0.217827,-1.3178
25_12_16_11_00_11_15,DOWN,90,671.2,UP,12,False,4,-1.2000,0.232320,-1.4323
25_12_16_12_00_12_15,UP,90,769.7,DOWN,11,True,99,8.9000,0.217827,8.6822
25_12_16_13_00_13_15,DOWN,90,631.5,UP,12,False,53,-1.2000,0.232320,-1.4323
25_12_16_14_00_14_15,UP,90,392.2,DOWN,12,False,2,-1.2000,0.232320,-1.4323
25_12_16_16_00_16_15,DOWN,90,486.6,UP,12,False,2,-1.2000,0.232320,-1.4323
25_12_16_17_00_17_15,UP,90,493.1,DOWN,11,False,1,-1.1000,0.217827,-1.3178
25_12_16_18_00_18_15,UP,90,326.8,DOWN,11,False,1,-1.1000,0.217827,-1.3178
25_12_16_19_00_19_15,DOWN,90,284.6,UP,12,False,2,-1.2000,0.232320,-1.4323
25_12_16_20_00_20_15,DOWN,93,735.2,UP,12,False,2,-1.2000,0.232320,-1.4323
25_12_16_21_00_21_15,UP,90,694.3,DOWN,10,False,2,-1.0000,0.202500,-1.2025
25_12_16_23_00_23_15,DOWN,91,699.3,UP,11,False,2,-1.1000,0.217827,-1.3178
25_12_17_00_00_00_15,DOWN,90,68.6,UP,12,False,2,-1.2000,0.232320,-1.4323
25_12_17_02_00_02_15,DOWN,90,539.7,UP,11,False,4,-1.1000,0.217827,-1.3178
25_12_17_03_00_03_15,UP,90,494.1,DOWN,11,True,99,8.9000,0.217827,8.6822
25_12_17_04_00_04_15,UP,90,349.0,DOWN,11,False,2,-1.1000,0.217827,-1.3178
25_12_17_05_00_05_15,DOWN,90,142.2,UP,11,False,2,-1.1000,0.217827,-1.3178
25_12_17_06_00_06_15,UP,90,180.9,DOWN,11,False,1,-1.1000,0.217827,-1.3178
25_12_17_07_00_07_15,UP,90,385.3,DOWN,11,True,98,8.9000,0.217827,8.6822
25_12_17_07_00_07_15,DOWN,90,645.6,UP,12,False,3,-1.2000,0.232320,-1.4323
25_12_17_08_00_08_15,DOWN,90,204.1,UP,11,False,7,-1.1000,0.217827,-1.3178
25_12_17_09_00_09_15,UP,90,534.7,DOWN,11,False,2,-1.1000,0.217827,-1.3178
25_12_17_10_00_10_15,DOWN,90,112.1,UP,12,True,99,8.8000,0.232320,8.5677
25_12_17_10_00_10_15,UP,90,646.3,DOWN,12,False,2,-1.2000,0.232320,-1.4323
25_12_17_11_00_11_15,UP,90,586.5,DOWN,12,False,2,-1.2000,0.232320,-1.4323
25_12_17_12_00_12_15,UP,90,387.6,DOWN,11,False,1,-1.1000,0.217827,-1.3178
25_12_17_13_00_13_15,UP,90,389.9,DOWN,12,True,98,8.8000,0.232320,8.5677
25_12_17_15_00_15_15,UP,90,430.8,DOWN,11,False,2,-1.1000,0.217827,-1.3178
25_12_17_16_00_16_15,UP,90,303.6,DOWN,12,False,96,-1.2000,0.232320,-1.4323
25_12_17_18_00_18_15,UP,90,273.9,DOWN,11,False,2,-1.1000,0.217827,-1.3178
25_12_17_19_00_19_15,DOWN,90,422.2,UP,12,False,2,-1.2000,0.232320,-1.4323
25_12_17_21_00_21_15,UP,91,735.2,DOWN,11,False,2,-1.1000,0.217827,-1.3178
25_12_17_23_00_23_15,DOWN,90,251.1,UP,11,False,2,-1.1000,0.217827,-1.3178
25_12_18_01_00_01_15,DOWN,90,235.9,UP,12,False,2,-1.2000,0.232320,-1.4323
25_12_18_04_00_04_15,UP,91,255.0,DOWN,10,False,3,-1.0000,0.202500,-1.2025
25_12_18_05_00_05_15,DOWN,90,396.5,UP,12,False,3,-1.2000,0.232320,-1.4323
25_12_18_06_00_06_15,UP,90,540.5,DOWN,11,False,1,-1.1000,0.217827,-1.3178
25_12_18_07_00_07_15,UP,90,616.3,DOWN,11,False,2,-1.1000,0.217827,-1.3178
25_12_18_08_00_08_15,DOWN,90,320.3,UP,12,False,2,-1.2000,0.232320,-1.4323
25_12_18_09_00_09_15,DOWN,90,507.8,UP,12,False,2,-1.2000,0.232320,-1.4323
25_12_18_10_00_10_15,UP,90,418.1,DOWN,11,False,3,-1.1000,0.217827,-1.3178
25_12_18_11_00_11_15,DOWN,90,288.6,UP,12,False,2,-1.2000,0.232320,-1.4323
25_12_18_12_00_12_15,DOWN,90,796.3,UP,11,False,2,-1.1000,0.217827,-1.3178
25_12_18_13_00_13_15,UP,90,92.3,DOWN,12,False,3,-1.2000,0.232320,-1.4323
25_12_18_14_00_14_15,UP,91,373.1,DOWN,10,True,99,9.0000,0.202500,8.7975
25_12_18_14_00_14_15,DOWN,90,705.6,UP,11,False,2,-1.1000,0.217827,-1.3178
25_12_18_15_00_15_15,DOWN,90,736.3,UP,12,False,2,-1.2000,0.232320,-1.4323
25_12_18_16_00_16_15,DOWN,90,682.4,UP,12,False,2,-1.2000,0.232320,-1.4323
25_12_18_17_00_17_15,DOWN,90,189.7,UP,12,False,2,-1.2000,0.232320,-1.4323
25_12_18_18_00_18_15,UP,90,728.1,DOWN,11,False,3,-1.1000,0.217827,-1.3178
25_12_18_19_00_19_15,DOWN,90,281.7,UP,12,False,2,-1.2000,0.232320,-1.4323
25_12_18_20_00_20_15,UP,90,145.2,DOWN,11,False,1,-1.1000,0.217827,-1.3178
25_12_18_21_00_21_15,UP,90,84.9,DOWN,11,False,2,-1.1000,0.217827,-1.3178
25_12_18_22_00_22_15,DOWN,90,659.9,UP,12,False,2,-1.2000,0.232320,-1.4323
25_12_18_23_00_23_15,DOWN,90,446.1,UP,12,True,99,8.8000,0.232320,8.5677
25_12_19_01_00_01_15,DOWN,90,162.7,UP,12,False,2,-1.2000,0.232320,-1.4323
25_12_19_02_00_02_15,DOWN,90,568.8,UP,11,False,3,-1.1000,0.217827,-1.3178
25_12_19_03_00_03_15,UP,90,194.3,DOWN,11,False,2,-1.1000,0.217827,-1.3178
25_12_19_04_00_04_15,UP,90,564.1,DOWN,11,False,2,-1.1000,0.217827,-1.3178
25_12_19_05_00_05_15,DOWN,90,405.0,UP,12,False,2,-1.2000,0.232320,-1.4323
25_12_19_06_00_06_15,DOWN,90,687.9,UP,11,False,2,-1.1000,0.217827,-1.3178
25_12_19_07_00_07_15,UP,90,338.4,DOWN,11,False,2,-1.1000,0.217827,-1.3178
25_12_19_10_00_10_15,UP,90,289.1,DOWN,11,False,20,-1.1000,0.217827,-1.3178
25_12_19_13_00_13_15,UP,90,393.5,DOWN,11,False,14,-1.1000,0.217827,-1.3178
25_12_19_16_00_16_15,UP,90,286.3,DOWN,11,False,5,-1.1000,0.217827,-1.3178
25_12_19_18_00_18_15,UP,90,520.1,DOWN,11,False,1,-1.1000,0.217827,-1.3178
25_12_19_20_00_20_15,DOWN,90,482.8,UP,11,False,2,-1.1000,0.217827,-1.3178
25_12_19_21_00_21_15,DOWN,90,676.7,UP,11,False,2,-1.1000,0.217827,-1.3178
25_12_19_22_00_22_15,UP,90,186.7,DOWN,11,False,2,-1.1000,0.217827,-1.3178
25_12_19_23_00_23_15,DOWN,90,540.8,UP,12,False,2,-1.2000,0.232320,-1.4323
25_12_20_00_00_00_15,DOWN,90,444.4,UP,11,False,12,-1.1000,0.217827,-1.3178
25_12_20_01_00_01_15,UP,90,575.8,DOWN,11,False,1,-1.1000,0.217827,-1.3178
25_12_20_03_00_03_15,UP,90,666.8,DOWN,12,True,98,8.8000,0.232320,8.5677
25_12_20_03_00_03_15,DOWN,90,829.4,UP,12,False,3,-1.2000,0.232320,-1.4323
25_12_20_06_00_06_15,UP,91,360.0,DOWN,10,False,2,-1.0000,0.202500,-1.2025
25_12_20_07_00_07_15,DOWN,90,542.2,UP,12,False,2,-1.2000,0.232320,-1.4323
25_12_20_08_00_08_15,UP,90,202.7,DOWN,11,False,2,-1.1000,0.217827,-1.3178
25_12_20_09_00_09_15,UP,90,618.4,DOWN,11,False,1,-1.1000,0.217827,-1.3178
25_12_20_10_00_10_15,UP,92,655.5,DOWN,9,False,3,-0.9000,0.186323,-1.0863
25_12_20_11_00_11_15,DOWN,92,601.4,UP,10,False,2,-1.0000,0.202500,-1.2025
25_12_20_12_00_12_15,UP,90,575.9,DOWN,11,True,99,8.9000,0.217827,8.6822
25_12_20_14_00_14_15,DOWN,90,139.1,UP,12,False,2,-1.2000,0.232320,-1.4323
25_12_20_15_00_15_15,DOWN,90,499.3,UP,12,False,2,-1.2000,0.232320,-1.4323
25_12_20_16_00_16_15,UP,91,710.8,DOWN,11,False,1,-1.1000,0.217827,-1.3178
25_12_20_17_00_17_15,UP,90,360.2,DOWN,11,False,1,-1.1000,0.217827,-1.3178
